Time[s],Acceletarion-X[m/s],Acceletarion-Y[m/s],Acceleration-Z[m/s],Pitch,Roll,Yaw
0.050000,0.018707,-0.001266,-0.989761,-0.003120,-0.000701,-0.000956
0.100000,0.017670,-0.003250,-0.989792,-0.010556,-0.007811,0.003565
0.150000,0.015823,0.000610,-0.991806,-0.000713,0.001693,0.000235
0.200000,0.014755,0.001617,-0.987961,-0.016596,-0.003081,0.001261
0.250000,0.018799,0.001617,-0.991730,-0.014091,-0.007858,-0.001083
0.300000,0.015717,-0.001297,-0.988876,-0.003080,-0.012611,-0.002222
0.350000,0.015823,0.003601,-0.987946,-0.012749,-0.006707,-0.005693
0.400000,0.012802,0.000595,-0.989945,-0.001747,0.000439,-0.006724
0.450000,0.014740,0.002625,-0.986008,-0.000648,-0.003087,-0.002122
0.500000,0.015717,0.001663,-0.985992,0.002953,-0.007820,0.000168
0.550000,0.014847,0.004532,-0.988937,0.000181,0.018462,0.011960
0.600000,0.013824,0.001587,-0.989929,-0.001819,-0.006728,-0.005646
0.650000,0.016541,-0.002213,-0.987976,-0.008192,-0.011405,0.004688
0.700000,0.015579,-0.004196,-0.992920,0.000527,-0.006693,-0.002162
0.750000,0.012848,0.001541,-0.989990,-0.008216,-0.009041,0.004700
0.800000,0.015884,0.004547,-0.987961,-0.004312,-0.005549,-0.004502
0.850000,0.017792,0.001617,-0.987030,0.032264,0.044480,-0.005002
0.900000,0.017365,-0.006058,-0.986038,0.021334,0.043241,-0.007397
0.950000,0.019821,-0.005341,-0.992828,0.005350,0.049208,-0.002804
1.000000,0.023315,-0.005997,-0.988022,0.010357,0.008723,-0.006614
1.050000,0.024689,-0.001251,-0.986008,-0.005177,-0.000853,-0.017184
1.100000,0.016785,-0.004333,-0.988861,-0.037921,-0.024345,0.021756
1.150000,0.035736,-0.027420,-0.985977,-0.003749,-0.012403,0.020897
1.200000,0.004089,-0.111008,-0.985947,-0.008121,0.012119,0.093997
1.250000,0.016895,-0.012250,-0.988611,-0.002042,0.001882,0.012204
1.300000,0.017238,-0.017529,-0.988539,-0.002045,0.001935,0.017758
1.350000,0.015282,-0.022476,-0.988623,-0.000994,0.003220,0.022265
1.400000,0.013981,-0.026195,-0.988470,-0.001470,0.002696,0.016427
1.450000,0.014808,-0.027189,-0.988668,-0.000615,0.004898,0.006411
1.500000,0.014184,-0.029218,-0.988599,-0.002024,0.005757,0.000812
1.550000,0.014974,-0.029169,-0.988562,-0.005445,0.007965,-0.002610
1.600000,0.017565,-0.027759,-0.988525,-0.006756,0.009254,-0.008203
1.650000,0.016433,-0.025291,-0.988369,-0.009060,0.008852,-0.005858
1.700000,0.019999,-0.029755,-0.988642,-0.007476,0.005906,-0.006522
1.750000,0.019771,-0.030453,-0.988723,-0.005784,0.005152,0.008800
1.800000,0.014902,-0.031480,-0.988606,-0.009450,0.005796,0.016470
1.850000,0.016660,-0.028395,-0.988563,-0.010679,0.005854,0.006101
1.900000,0.017141,-0.028526,-0.988483,-0.009724,0.005115,0.007165
1.950000,0.020393,-0.029127,-0.988204,-0.011890,0.005148,0.009931
2.000000,0.018170,-0.027982,-0.988086,-0.011963,0.006677,0.009252
2.050000,0.015237,-0.025061,-0.988087,-0.009094,0.006444,0.008108
2.100000,0.016198,-0.020496,-0.988281,-0.010693,0.004212,-0.002889
2.150000,0.015293,-0.017634,-0.988200,-0.011196,0.001896,-0.012863
2.200000,0.016899,-0.011345,-0.988358,-0.012458,-0.000986,-0.027198
2.250000,0.016675,-0.007258,-0.988471,-0.011971,-0.002589,-0.026749
2.300000,0.016838,-0.002167,-0.988591,-0.012885,-0.002775,-0.032358
2.350000,0.018012,0.003915,-0.988592,-0.013304,-0.002551,-0.034628
2.400000,0.017468,0.009431,-0.988671,-0.014632,-0.002619,-0.037555
2.450000,0.018176,0.015899,-0.988831,-0.014419,-0.003092,-0.037978
2.500000,0.018479,0.023217,-0.988790,-0.016560,-0.003473,-0.043457
2.550000,0.017686,0.027958,-0.988710,-0.017357,-0.003654,-0.048140
2.600000,0.019730,0.035499,-0.988593,-0.014117,-0.007599,-0.043164
2.650000,0.021396,0.039534,-0.988671,-0.013931,-0.006971,-0.037238
2.700000,0.020695,0.040684,-0.988275,-0.013899,-0.009117,-0.027359
2.750000,0.021207,0.042947,-0.988113,-0.011801,-0.009919,-0.021759
2.800000,0.020461,0.043172,-0.988270,-0.008329,-0.011784,-0.018245
2.850000,0.017751,0.041799,-0.988385,-0.006625,-0.012635,-0.012556
2.900000,0.018885,0.039488,-0.988465,-0.004328,-0.012125,-0.014441
2.950000,0.015361,0.043952,-0.988270,-0.005760,-0.009075,-0.013779
3.000000,0.015587,0.044691,-0.988033,-0.007638,-0.008076,-0.029242
3.050000,0.020424,0.045675,-0.988461,-0.004447,-0.009721,-0.037115
3.100000,0.018821,0.042673,-0.988305,-0.003461,-0.010012,-0.026524
3.150000,0.018115,0.043073,-0.988389,-0.004409,-0.008936,-0.027545
3.200000,0.014831,0.043985,-0.988431,-0.002281,-0.008919,-0.030455
3.250000,0.017134,0.043000,-0.988469,-0.002044,-0.010304,-0.030104
3.300000,0.019872,0.040115,-0.988666,-0.005017,-0.010015,-0.028410
3.350000,0.018718,0.035743,-0.988591,-0.004441,-0.009300,-0.017113
3.400000,0.019521,0.033267,-0.988748,-0.004659,-0.008457,-0.007162
3.450000,0.017675,0.027374,-0.988359,-0.003881,-0.007758,0.007423
3.500000,0.017518,0.023631,-0.988166,-0.004804,-0.006958,0.007237
3.550000,0.017009,0.018927,-0.988318,-0.003846,-0.007527,0.013342
3.600000,0.015674,0.013082,-0.988284,-0.002380,-0.006992,0.015018
3.650000,0.015422,0.008885,-0.988207,-0.000779,-0.006452,0.017157
3.700000,0.015264,0.007080,-0.988163,-0.001085,-0.006303,0.014004
3.750000,0.015125,0.006336,-0.988162,0.000513,-0.006104,0.010862
3.800000,0.015493,0.006914,-0.988160,0.001370,-0.006457,0.009840
3.850000,0.015252,0.004670,-0.988084,-0.002422,-0.003520,0.000166
3.900000,0.014891,0.004631,-0.988006,-0.001550,-0.003056,0.000445
3.950000,0.014731,0.004590,-0.988361,-0.001453,-0.003118,0.000484
4.000000,0.014762,0.004476,-0.988284,-0.001551,-0.003136,0.000520
4.050000,0.014609,0.004430,-0.988478,-0.001547,-0.003060,0.000373
4.100000,0.014691,0.004391,-0.988517,-0.001402,-0.003267,0.000456
4.150000,0.014694,0.004468,-0.988556,-0.001299,-0.003333,0.000354
4.200000,0.014501,0.004503,-0.988754,-0.001446,-0.003540,0.000434
4.250000,0.014548,0.004539,-0.989064,-0.001684,-0.003797,0.000328
4.300000,0.014500,0.004503,-0.988755,-0.001481,-0.003522,0.000186
4.350000,0.014306,0.004576,-0.988917,-0.001043,-0.002864,0.000372
4.400000,0.014385,0.004576,-0.988915,-0.000544,-0.003112,0.000180
4.450000,0.014427,0.004734,-0.988876,-0.000646,-0.002594,0.000547
4.500000,0.014225,0.004614,-0.988842,-0.000393,-0.002699,0.000447
4.550000,0.014302,0.004576,-0.988802,0.000114,-0.002616,0.000027
4.600000,0.014461,0.004577,-0.988836,-0.000116,-0.002722,-0.000215
4.650000,0.014460,0.004537,-0.988836,-0.000258,-0.002776,-0.000085
4.700000,0.014664,0.004655,-0.989025,0.000393,-0.002976,-0.000369
4.750000,0.014664,0.004615,-0.989064,0.000406,-0.002984,-0.000516
4.800000,0.014576,0.004381,-0.988870,0.000365,-0.002087,-0.000470
4.850000,0.014621,0.004538,-0.989066,0.001054,-0.001852,-0.000287
4.900000,0.014625,0.004575,-0.989225,0.001018,-0.001955,-0.000389
4.950000,0.014466,0.004533,-0.989189,0.001485,-0.002150,-0.000996
5.000000,0.014424,0.004375,-0.989232,0.001494,-0.001530,-0.000903
5.050000,0.014274,0.004686,-0.989235,0.001460,-0.001102,-0.000998
5.100000,0.014395,0.004725,-0.989467,0.001432,-0.001102,-0.001326
5.150000,0.014432,0.004686,-0.989469,0.000924,-0.002007,-0.001851
5.200000,0.014393,0.004764,-0.989234,0.000982,-0.001430,-0.001711
5.250000,0.014360,0.004880,-0.989427,0.001002,-0.001426,-0.001945
5.300000,0.014313,0.004883,-0.988996,0.001018,-0.001942,-0.002000
5.350000,0.014431,0.004845,-0.988799,0.000884,-0.002315,-0.001915
5.400000,0.014467,0.004690,-0.988720,0.000654,-0.002452,-0.001966
5.450000,0.014542,0.004693,-0.988523,0.000661,-0.002251,-0.001736
5.500000,0.014422,0.004612,-0.988448,0.001150,-0.001668,-0.001268
5.550000,0.014586,0.004651,-0.988605,0.001064,-0.001946,-0.001274
5.600000,0.014703,0.004535,-0.988645,0.001024,-0.001748,-0.001183
5.650000,0.014543,0.004415,-0.988642,0.000696,-0.001553,-0.001324
5.700000,0.014423,0.004374,-0.988682,0.000513,-0.002262,-0.001426
5.750000,0.014619,0.004456,-0.988639,0.000276,-0.002207,-0.001290
5.800000,0.014528,0.004425,-0.988676,0.002161,-0.001858,-0.000353
5.850000,0.014293,0.004341,-0.988563,0.001483,-0.002185,-0.000223
5.900000,0.015054,0.007633,-0.988485,0.001932,-0.003639,0.001569
5.950000,0.013401,0.014859,-0.988369,0.001413,-0.004367,0.004798
6.000000,0.011138,0.023495,-0.988327,0.001085,-0.003030,0.015404
6.050000,0.008398,0.027604,-0.988246,0.000986,-0.002592,0.015729
6.100000,0.004444,0.029832,-0.988010,-0.001240,-0.001087,0.013415
6.150000,0.008741,0.035399,-0.987930,-0.001249,-0.001332,0.006701
6.200000,0.009615,0.037370,-0.988087,0.001380,-0.001240,0.005326
6.250000,0.012353,0.040608,-0.987966,0.000410,-0.001604,-0.003801
6.300000,0.007246,0.044708,-0.988395,0.000641,-0.002971,0.002342
6.350000,0.005927,0.049566,-0.988201,-0.001358,-0.003599,0.011579
6.400000,0.005280,0.049474,-0.988397,-0.003604,-0.008685,0.022811
6.450000,0.001088,0.048533,-0.988557,-0.006925,-0.008156,0.033949
6.500000,0.001201,0.045742,-0.988521,-0.006138,-0.008752,0.041166
6.550000,0.004233,0.047115,-0.988563,-0.006154,-0.006665,0.039981
6.600000,0.004161,0.045452,-0.988566,-0.003982,-0.006759,0.044572
6.650000,0.003963,0.048619,-0.988798,-0.005212,-0.003964,0.037695
6.700000,0.004352,0.047105,-0.988800,-0.004524,-0.004880,0.041207
6.750000,0.003155,0.046262,-0.988721,-0.003720,-0.003517,0.049460
6.800000,0.002805,0.044492,-0.988559,-0.002795,-0.004015,0.062325
6.850000,0.003639,0.044141,-0.988398,-0.000480,-0.005299,0.067046
6.900000,0.004382,0.042632,-0.988318,-0.000242,-0.009245,0.061967
6.950000,0.002108,0.035842,-0.988318,0.002078,-0.010805,0.051923
7.000000,0.001387,0.023655,-0.988395,0.003041,-0.011593,0.043360
7.050000,0.002474,0.016363,-0.988358,-0.000448,-0.012032,0.031674
7.100000,0.003265,0.014531,-0.988198,-0.001773,-0.012726,0.022959
7.150000,0.003082,0.011760,-0.988628,0.000060,-0.016029,0.014839
7.200000,0.003925,0.004536,-0.988708,0.000380,-0.016382,0.012106
7.250000,0.005878,-0.004028,-0.988829,0.000623,-0.016902,0.001365
7.300000,0.008304,-0.008143,-0.989113,0.001163,-0.016995,0.001274
7.350000,0.012018,-0.010413,-0.989158,0.003118,-0.018401,0.003075
7.400000,0.007283,-0.016102,-0.989285,0.003182,-0.018005,0.009835
7.450000,0.006165,-0.018191,-0.989057,0.000405,-0.018562,0.011572
7.500000,0.003120,-0.021161,-0.989417,0.000804,-0.018146,0.020369
7.550000,0.008030,-0.025343,-0.989150,0.000518,-0.016339,0.014691
7.600000,0.009069,-0.030241,-0.989117,0.002313,-0.015318,0.006009
7.650000,0.009355,-0.030310,-0.988926,0.004651,-0.009508,-0.004847
7.700000,0.013386,-0.029329,-0.988774,0.007485,-0.010171,-0.015852
7.750000,0.013154,-0.026580,-0.988856,0.006559,-0.009046,-0.023114
7.800000,0.010009,-0.027838,-0.989056,0.006765,-0.010362,-0.021598
7.850000,0.009766,-0.025942,-0.989062,0.004797,-0.009692,-0.026417
7.900000,0.009733,-0.028958,-0.989069,0.006226,-0.012814,-0.019543
7.950000,0.009107,-0.027446,-0.989114,0.005451,-0.012323,-0.023339
8.000000,0.010026,-0.026526,-0.989239,0.004366,-0.014398,-0.031879
8.050000,0.010167,-0.024791,-0.988973,0.004032,-0.013561,-0.044878
8.100000,0.009168,-0.024439,-0.988822,0.001874,-0.012560,-0.049880
8.150001,0.008582,-0.022808,-0.988788,0.001739,-0.008273,-0.044801
8.200000,0.010854,-0.016096,-0.988712,-0.000330,-0.006134,-0.034893
8.250000,0.011385,-0.003837,-0.988873,-0.001296,-0.005431,-0.026057
8.300000,0.010269,0.003527,-0.988683,-0.000167,-0.005472,-0.015317
8.350000,0.009431,0.005323,-0.988923,0.001808,-0.004630,-0.007017
8.400001,0.008615,0.004761,-0.988578,-0.000518,-0.000334,-0.000376
8.450000,0.008867,0.004714,-0.988552,-0.000609,0.000904,-0.000599
8.500000,0.009065,0.004755,-0.988669,-0.000565,0.000386,-0.000328
8.550000,0.009186,0.004913,-0.988629,-0.000664,0.000009,-0.000196
8.600000,0.009230,0.004872,-0.988821,-0.000525,-0.000460,0.000169
8.650001,0.009188,0.004953,-0.988629,-0.000513,-0.000318,-0.000203
8.700000,0.009275,0.005029,-0.988860,-0.000312,0.000208,-0.000384
8.750000,0.009188,0.004953,-0.988590,0.000217,-0.000357,-0.000019
8.800000,0.009151,0.005031,-0.988592,0.000365,-0.000782,-0.000024
8.850000,0.009029,0.004991,-0.988478,0.000321,-0.001161,-0.000123
8.900001,0.009069,0.005032,-0.988399,0.000230,-0.001493,-0.000314
8.950000,0.008984,0.004877,-0.988322,0.000375,-0.001775,-0.000179
9.000000,0.008907,0.004836,-0.988439,0.000522,-0.002247,-0.000139
9.050000,0.008868,0.004835,-0.988478,0.000479,-0.002294,-0.000280
9.100000,0.008710,0.004715,-0.988559,0.000864,-0.002048,-0.000003
9.150001,0.008702,0.004482,-0.988441,0.000726,-0.001902,-0.000192
9.200000,0.008785,0.004561,-0.988517,0.000582,-0.001896,-0.000151
9.250000,0.008703,0.004600,-0.988365,0.000435,-0.002033,-0.000018
9.300000,0.008632,0.004634,-0.988716,0.000289,-0.002598,0.000110
9.350000,0.008441,0.004707,-0.988956,0.000046,-0.002687,0.000196
9.400001,0.008127,0.004781,-0.989004,0.000201,-0.002830,-0.000084
9.450000,0.008010,0.004778,-0.989124,0.000492,-0.002683,0.000009
9.500000,0.008005,0.004702,-0.988969,0.000930,-0.002393,0.000105
9.550000,0.008046,0.004583,-0.989122,0.001174,-0.002104,0.000153
9.600000,0.007924,0.004622,-0.988970,0.001015,-0.002097,0.000659
9.650001,0.007931,0.004777,-0.989086,0.001116,-0.002285,0.000609
9.700000,0.008166,0.004623,-0.989117,0.001218,-0.001855,0.000472
9.750000,0.008087,0.004702,-0.989042,0.001082,-0.001998,0.000144
9.800000,0.008048,0.004701,-0.989081,0.000992,-0.002379,-0.000093
9.850000,0.008160,0.004707,-0.988768,0.001008,-0.001953,-0.000647
9.900001,0.008317,0.004709,-0.988724,0.000996,-0.001850,-0.000139
9.950000,0.008312,0.004713,-0.988491,0.000900,-0.002181,-0.000145
10.000000,0.008466,0.004559,-0.988447,0.000656,-0.002273,-0.000103
10.050000,0.008424,0.004440,-0.988486,0.000325,-0.001944,-0.000524
10.100000,0.008455,0.004088,-0.988521,-0.000065,-0.002231,-0.000581
10.150000,0.008592,0.004435,-0.988987,0.000775,-0.002360,0.000852
10.200000,0.008444,0.004545,-0.989381,0.000883,-0.002840,0.000426
10.250000,0.008317,0.004270,-0.989382,0.001265,-0.003266,0.000696
10.300000,0.008146,0.004117,-0.988958,0.001062,-0.003695,0.000913
10.350000,0.008187,0.004039,-0.989072,0.001059,-0.004414,0.000900
10.400000,0.008029,0.003997,-0.989154,0.001340,-0.004322,0.001173
10.450000,0.008024,0.003722,-0.989230,0.001484,-0.004091,0.001075
10.500000,0.008065,0.003682,-0.989231,0.001676,-0.003384,0.000982
10.550000,0.007869,0.003718,-0.989276,0.001625,-0.002916,0.000839
10.600000,0.007911,0.003757,-0.989352,0.001764,-0.002495,0.000880
10.650000,0.007552,0.003676,-0.989322,0.001707,-0.002121,0.000965
10.700000,0.004832,0.004312,-0.989321,0.000378,-0.002113,0.002984
10.750000,0.001500,0.004037,-0.989564,0.000041,-0.002349,0.004357
10.800000,-0.003601,0.004686,-0.989511,-0.000035,-0.002778,0.010589
10.850000,-0.007218,0.004134,-0.989720,-0.000139,-0.002599,0.010532
10.900000,-0.010509,0.004945,-0.990670,-0.001716,-0.002767,0.009029
10.950000,-0.015128,0.004905,-0.989782,-0.002299,-0.001543,0.014068
11.000000,-0.017093,0.005574,-0.987973,-0.003424,0.000123,0.010177
11.050000,-0.018556,0.006350,-0.987280,-0.003675,-0.000477,0.008305
11.100000,-0.019786,0.006574,-0.987394,-0.001903,-0.004506,0.011133
11.150000,-0.022456,0.005613,-0.987701,-0.002273,-0.006906,0.015538
11.200000,-0.021531,0.006912,-0.987855,-0.001398,-0.003538,0.009820
11.250000,-0.022907,0.007460,-0.987967,-0.000266,-0.002660,0.012782
11.300000,-0.023128,0.007830,-0.987803,-0.000009,-0.011792,0.003202
11.350000,-0.022236,0.008357,-0.987838,0.002762,-0.009632,-0.000291
11.400000,-0.020664,0.008476,-0.987639,0.000773,-0.004284,-0.008364
11.450000,-0.019105,0.006722,-0.987394,-0.001154,-0.001030,-0.016827
11.500000,-0.018914,0.007365,-0.987117,-0.002368,-0.001701,-0.022638
11.550000,-0.015213,0.006230,-0.987375,-0.002768,-0.007345,-0.031355
11.600000,-0.010852,0.006476,-0.987171,-0.003255,-0.007433,-0.031464
11.650000,-0.014567,0.007405,-0.986924,-0.002786,-0.008743,-0.008950
11.700000,-0.013546,0.006335,-0.986688,-0.003024,-0.008067,-0.003774
11.750000,-0.008532,0.006617,-0.986793,-0.002214,-0.008698,-0.006659
11.800000,-0.003591,0.007810,-0.986783,-0.001482,-0.007354,-0.012165
11.850000,0.001475,0.007991,-0.986541,-0.001485,-0.007245,-0.017454
11.900000,0.001861,0.008651,-0.986989,-0.004793,-0.007079,-0.021421
11.950000,0.004941,0.008788,-0.987100,-0.002406,-0.011499,-0.022946
12.000000,0.008367,0.009213,-0.986893,-0.001823,-0.011114,-0.024574
12.050000,0.013310,0.008800,-0.986758,-0.001758,-0.011292,-0.030561
12.100000,0.016889,0.009429,-0.986550,-0.001744,-0.011797,-0.030953
12.150000,0.020056,0.008541,-0.985449,-0.000211,-0.011096,-0.029752
12.200000,0.024438,0.008696,-0.986266,0.000079,-0.012024,-0.034958
12.250000,0.026239,0.007949,-0.987923,0.001237,-0.013341,-0.030676
12.300000,0.027773,0.007020,-0.988420,0.001100,-0.012446,-0.029017
12.350000,0.028692,0.006906,-0.988470,-0.001016,-0.008692,-0.031925
12.400000,0.031530,0.007822,-0.988665,-0.000547,-0.006282,-0.036543
12.450000,0.030453,0.006636,-0.988710,-0.001339,-0.008873,-0.030477
12.500000,0.031636,0.006162,-0.988722,-0.002133,-0.009167,-0.033460
12.550000,0.031937,0.005833,-0.988845,-0.001856,-0.000304,-0.023859
12.600000,0.030941,0.005771,-0.988972,-0.003938,-0.002450,-0.020618
12.650000,0.029120,0.005458,-0.988866,-0.003322,-0.007991,-0.014247
12.700000,0.027791,0.007141,-0.988793,-0.001300,-0.010611,-0.005756
12.750000,0.027680,0.006736,-0.988838,-0.000766,-0.009641,-0.000111
12.800000,0.024059,0.007751,-0.988772,-0.000213,-0.003364,0.008313
12.850000,0.019694,0.007547,-0.988704,-0.000311,-0.003115,0.008398
12.900000,0.023530,0.006816,-0.988794,-0.001164,-0.002029,-0.014374
12.950000,0.022272,0.008041,-0.988921,-0.000585,-0.002589,-0.019522
13.000000,0.017298,0.007798,-0.988930,-0.001446,-0.002128,-0.016520
13.050000,0.012552,0.006609,-0.988818,-0.002076,-0.003593,-0.011129
13.100000,0.007482,0.006271,-0.989060,-0.002068,-0.004440,-0.005915
13.150000,0.007580,0.005810,-0.988795,0.001245,-0.004958,-0.001971
13.200000,0.007022,0.004997,-0.988690,-0.000105,-0.000526,-0.002590
13.250000,0.006737,0.004839,-0.988970,-0.000726,-0.000566,-0.002967
13.300000,0.006659,0.004719,-0.989127,-0.000854,0.000018,-0.003521
13.350000,0.006661,0.004639,-0.989282,-0.000711,0.000225,-0.003242
13.400000,0.006746,0.004796,-0.989397,-0.000900,0.000237,-0.003337
13.450000,0.006827,0.004796,-0.989472,-0.000854,-0.000169,-0.003016
13.500000,0.006944,0.004640,-0.989584,-0.000459,-0.000150,-0.002967
13.550000,0.006946,0.004639,-0.989700,0.000031,-0.000367,-0.002827
13.600000,0.006985,0.004442,-0.989853,0.000512,-0.000577,-0.002316
13.650000,0.006779,0.004444,-0.989470,0.000226,-0.000935,-0.002272
13.700000,0.006971,0.004252,-0.989385,0.000281,-0.001388,-0.002228
13.750000,0.007015,0.004290,-0.989539,-0.000303,-0.001645,-0.001952
13.800000,0.006899,0.004286,-0.989698,-0.000695,-0.001901,-0.001583
13.850000,0.006897,0.004089,-0.989813,-0.000787,-0.001446,-0.001484
13.900000,0.006896,0.004009,-0.989890,-0.000250,-0.001126,-0.001149
13.950000,0.006699,0.003968,-0.989973,-0.000832,-0.001999,-0.000877
14.000000,0.006586,0.004004,-0.990170,-0.000444,-0.001393,-0.000447
14.050000,0.006553,0.004119,-0.990366,-0.000674,-0.002027,-0.000540
14.100000,0.006600,0.004075,-0.990792,-0.000656,-0.001757,-0.000807
14.150000,0.006563,0.004072,-0.990948,-0.000738,-0.001106,-0.001025
14.200000,0.006685,0.004191,-0.990945,-0.000973,-0.001120,-0.000972
14.250000,0.006762,0.004194,-0.990826,-0.000765,-0.001467,-0.001058
14.300000,0.006561,0.004155,-0.990715,-0.000666,-0.001243,-0.000722
14.350000,0.006403,0.004153,-0.990719,-0.000563,-0.001020,-0.000616
14.400000,0.006315,0.003839,-0.990681,-0.000906,-0.001182,-0.000285
14.450000,0.006471,0.003723,-0.990676,-0.000702,-0.001631,-0.000323
14.500000,0.006666,0.003767,-0.990515,-0.000316,-0.001030,0.000066
14.550000,0.006820,0.003731,-0.990355,-0.000361,-0.001340,0.000119
14.600000,0.006739,0.003652,-0.990356,0.000470,-0.000316,0.000191
14.650000,0.007075,0.003073,-0.990032,0.001775,0.000618,0.000820
14.700000,0.009330,0.003021,-0.989971,0.003856,0.002454,0.001506
14.750000,0.010357,0.002757,-0.990096,0.003923,0.002199,0.002764
14.800000,0.015229,0.002656,-0.990043,0.003440,0.001675,-0.004638
14.850000,0.019507,0.003422,-0.989000,0.002576,0.001920,-0.010601
14.900000,0.025604,0.003417,-0.988642,0.001704,0.003249,-0.012667
14.950000,0.028503,0.003923,-0.988600,0.001871,0.006160,-0.013509
15.000000,0.030500,0.005514,-0.988633,0.001311,0.006178,-0.012671
15.050000,0.031237,0.003333,-0.988470,-0.000045,0.008408,-0.004089
15.100000,0.031978,0.001269,-0.988304,-0.002060,0.005362,0.000138
15.150000,0.032661,0.000700,-0.988101,-0.001999,0.009983,0.004908
15.200000,0.032683,-0.000321,-0.988013,-0.000859,0.014430,0.011302
15.250000,0.033356,-0.000353,-0.988043,-0.000158,0.017177,0.014069
15.300000,0.032114,-0.000557,-0.987880,0.001161,0.012251,0.021211
15.350000,0.034974,-0.001218,-0.987523,-0.000040,0.016433,0.020230
15.400000,0.034167,-0.001165,-0.987393,0.000277,0.012528,0.024691
15.450000,0.036277,-0.002115,-0.987226,-0.001719,0.006274,0.022641
15.500000,0.035773,-0.001015,-0.987255,-0.002195,0.013045,0.023680
15.550000,0.036725,-0.000756,-0.987323,-0.002078,0.012471,0.028218
15.600000,0.038203,-0.000985,-0.987432,-0.003421,0.015254,0.030699
15.650000,0.037466,-0.002780,-0.987465,-0.002617,0.015168,0.031453
15.700000,0.036765,-0.003406,-0.987459,-0.003918,0.019649,0.032329
15.750000,0.035297,-0.004216,-0.987261,-0.005118,0.016211,0.031469
15.800000,0.036096,-0.003455,-0.987255,-0.004991,0.010406,0.026615
15.850000,0.032684,-0.003692,-0.987360,-0.006141,0.006079,0.027551
15.900000,0.030754,-0.003100,-0.987601,-0.007972,0.002936,0.028353
15.950000,0.026920,-0.002966,-0.987459,-0.009457,-0.000208,0.028972
16.000000,0.024597,-0.003041,-0.987324,-0.008582,0.000910,0.027051
16.050000,0.019811,-0.002825,-0.987177,-0.008455,0.001810,0.032940
16.100000,0.014536,-0.003915,-0.987934,-0.007754,0.002332,0.039243
16.150000,0.005078,-0.005438,-0.988246,-0.007132,0.002307,0.043088
16.200000,-0.001639,-0.004534,-0.988246,-0.006780,-0.000453,0.049821
16.250000,-0.003153,-0.006125,-0.988204,-0.006832,-0.000659,0.049681
16.300000,-0.003354,-0.004084,-0.987966,-0.005092,-0.003462,0.041011
16.350000,-0.003770,-0.001943,-0.988318,-0.002358,-0.000082,0.036984
16.400000,0.001923,-0.005645,-0.988471,-0.002355,-0.009211,0.028633
16.450000,0.002258,-0.004582,-0.988590,-0.002429,-0.011998,0.022128
16.500000,0.001939,-0.004622,-0.988472,-0.003281,-0.015372,0.019176
16.550000,0.003505,-0.004301,-0.988823,-0.004809,-0.010454,0.012176
16.600000,0.000958,-0.003594,-0.988901,-0.003476,-0.015216,0.013295
16.650000,0.002085,-0.003724,-0.989215,-0.003560,-0.011747,0.008881
16.700000,0.000323,-0.002924,-0.989177,-0.001519,-0.005600,0.010702
16.750000,0.000989,-0.004145,-0.989532,-0.000964,-0.011664,0.009998
16.800000,0.000319,-0.004364,-0.989613,-0.001617,-0.011626,0.005085
16.850000,-0.000720,-0.004052,-0.989531,-0.000723,-0.014276,0.002605
16.900000,0.000296,-0.002174,-0.989452,-0.001196,-0.014246,0.001947
16.950000,0.001202,-0.001351,-0.989531,-0.000360,-0.018542,0.001674
17.000000,0.002785,-0.000616,-0.989609,0.000886,-0.015353,0.002349
17.050000,0.002189,-0.001258,-0.989689,0.001282,-0.009318,0.007349
17.100000,0.006006,-0.000864,-0.989846,0.001838,-0.005672,0.006398
17.150000,0.007753,-0.001071,-0.989847,0.002553,-0.004026,0.005061
17.200000,0.009562,-0.001225,-0.989810,0.001865,-0.002481,0.003253
17.250000,0.011062,-0.000728,-0.989855,0.000781,-0.003869,0.003544
17.300000,0.011051,-0.000800,-0.989860,0.000932,-0.004288,0.005106
17.350000,0.012486,-0.000390,-0.990056,0.000603,-0.005011,0.004581
17.400000,0.016207,0.001061,-0.990325,0.001033,-0.006269,0.003031
17.450000,0.020070,-0.000233,-0.990483,0.000462,-0.006475,-0.003096
17.500000,0.019820,-0.000347,-0.990446,0.001763,-0.006349,-0.004443
17.550000,0.019519,-0.000241,-0.990725,0.001333,-0.005839,-0.004967
17.600000,0.019553,-0.000236,-0.990529,0.000404,-0.006469,-0.005042
17.650000,0.013453,0.004077,-0.990533,0.000081,-0.002260,-0.001384
17.700000,0.013495,0.004077,-0.990570,-0.000607,-0.003271,-0.001371
17.750000,0.013531,0.004039,-0.990452,-0.000711,-0.003186,-0.001346
17.800000,0.013447,0.004003,-0.990220,-0.000236,-0.002957,-0.001087
17.850000,0.013215,0.003956,-0.990614,-0.000049,-0.002398,-0.001058
17.900000,0.013046,0.003881,-0.990230,0.000275,-0.002167,-0.000615
17.950000,0.012979,0.003953,-0.990698,0.000603,-0.001894,-0.000405
18.000000,0.012939,0.004033,-0.990583,0.000513,-0.002484,-0.000945
18.050000,0.012858,0.004033,-0.990507,0.001128,-0.001779,-0.000498
18.100000,0.012701,0.003990,-0.990589,0.001328,-0.001704,-0.000987
18.150000,0.012703,0.003989,-0.990667,0.001282,-0.001628,-0.001384
18.200000,0.012661,0.003910,-0.990706,0.001581,-0.001268,-0.001915
18.250000,0.012663,0.003948,-0.990745,0.001082,-0.001427,-0.001810
18.300000,0.012616,0.003753,-0.990667,0.000679,-0.001396,-0.001656
18.350000,0.012529,0.003718,-0.990358,0.000337,-0.001554,-0.001913
18.400000,0.012573,0.003835,-0.990435,0.000419,-0.000803,-0.001605
18.450000,0.012744,0.003908,-0.990937,0.000456,-0.000910,-0.001444
18.500000,0.012863,0.003871,-0.990933,0.000148,-0.000873,-0.001145
18.550000,0.012906,0.003870,-0.991088,0.000009,-0.000797,-0.001726
18.600000,0.012903,0.003831,-0.991010,0.000006,-0.000432,-0.001932
18.650000,0.012859,0.003873,-0.990739,0.000105,-0.000682,-0.002230
18.700000,0.012974,0.003759,-0.990657,-0.000051,-0.000548,-0.002111
18.750000,0.012978,0.003914,-0.990698,-0.000064,-0.000556,-0.001899
18.800000,0.013174,0.003917,-0.990615,0.000069,-0.000276,-0.001634
18.850000,0.013127,0.003762,-0.990460,0.000545,-0.000234,-0.001417
18.900000,0.013011,0.003839,-0.990503,0.000492,0.000043,-0.001524
18.950000,0.013055,0.003798,-0.990773,0.000351,-0.000157,-0.001910
19.000000,0.012824,0.003950,-0.990935,0.000593,0.000217,-0.002058
19.050000,0.013008,0.003802,-0.990425,0.000551,0.000827,-0.002527
19.100000,0.012999,0.003766,-0.990075,-0.000242,0.000586,-0.002268
19.150000,0.012930,0.004156,-0.990118,-0.001258,-0.000756,-0.002760
19.200000,0.012990,0.004860,-0.990239,-0.003906,-0.002711,-0.002387
19.250000,0.012695,0.006803,-0.990921,-0.005429,-0.003999,-0.002186
19.300000,0.011978,0.006242,-0.991402,-0.006184,-0.004982,-0.005125
19.350000,0.011075,0.003762,-0.994675,-0.009304,-0.002834,-0.009111
19.400000,0.010183,0.004377,-1.000535,-0.008847,0.003281,-0.011931
19.450000,0.014799,0.003430,-1.013661,-0.016104,0.004085,-0.021737
19.500000,0.014966,0.004569,-1.022179,-0.012948,0.010486,-0.019679
19.550000,0.015821,0.001586,-1.032281,-0.018893,0.011251,-0.018325
19.600000,0.016922,0.000269,-1.040912,-0.018038,0.008486,-0.008496
19.650000,0.016980,-0.002019,-1.048165,-0.006921,0.014759,0.004250
19.700000,0.014411,-0.001867,-1.052123,0.005605,0.023305,0.015313
19.750000,0.014637,-0.001458,-1.056745,0.013423,0.039221,0.010728
19.800000,0.018458,-0.000021,-1.057742,0.024297,0.053368,-0.005887
19.850000,0.023706,0.002509,-1.057424,0.033502,0.076954,-0.025988
19.900000,0.030387,0.004252,-1.052709,0.046051,0.102265,-0.045269
19.950000,0.036282,0.003514,-1.045547,0.059530,0.119665,-0.055359
20.000000,0.039207,0.002184,-1.033563,0.080731,0.135268,-0.054965
20.050000,0.044841,-0.002771,-1.022647,0.092930,0.134400,-0.053243
20.100000,0.048344,-0.006404,-1.010670,0.104517,0.126039,-0.048537
20.150000,0.053414,-0.011848,-1.003614,0.102830,0.115102,-0.052813
20.200000,0.057481,-0.016462,-0.995077,0.114767,0.094922,-0.044510
20.250000,0.060931,-0.022313,-0.990706,0.117236,0.096171,-0.049346
20.300000,0.063514,-0.028098,-0.986475,0.128898,0.084803,-0.045545
20.350000,0.068007,-0.033745,-0.982389,0.128602,0.081172,-0.052662
20.400000,0.072737,-0.039692,-0.980432,0.131335,0.081527,-0.056393
20.450000,0.078844,-0.046613,-0.979209,0.134640,0.080412,-0.059579
20.500000,0.084192,-0.054308,-0.976718,0.136195,0.081546,-0.061227
20.550000,0.090051,-0.060416,-0.975897,0.133900,0.085592,-0.061297
20.600000,0.096264,-0.063138,-0.971085,0.137859,0.082794,-0.056025
20.650000,0.101877,-0.069961,-0.965093,0.136961,0.077030,-0.051502
20.700000,0.101511,-0.074991,-0.951811,0.143970,0.077275,-0.041789
20.750000,0.105945,-0.082180,-0.942933,0.139313,0.069013,-0.044436
20.800000,0.109567,-0.085203,-0.932124,0.146844,0.067546,-0.045009
20.850000,0.113303,-0.089969,-0.923010,0.145849,0.068740,-0.055231
20.900000,0.118029,-0.093480,-0.914382,0.137689,0.061386,-0.067376
20.950000,0.124935,-0.099945,-0.909136,0.125663,0.053030,-0.079041
21.000000,0.129338,-0.106437,-0.903687,0.119027,0.037495,-0.075008
21.050000,0.130105,-0.114472,-0.902366,0.107598,0.025767,-0.059722
21.100000,0.129238,-0.123278,-0.901589,0.098848,0.002799,-0.040357
21.150000,0.126354,-0.131151,-0.905460,0.085468,-0.018956,-0.023044
21.200000,0.125267,-0.136799,-0.911204,0.070989,-0.037693,-0.013946
21.250000,0.126778,-0.141553,-0.922482,0.046634,-0.052397,-0.015094
21.300000,0.126227,-0.142368,-0.933026,0.033009,-0.053775,-0.018236
21.350000,0.127857,-0.144311,-0.944865,0.019819,-0.043907,-0.025114
21.400000,0.127900,-0.144947,-0.951352,0.021545,-0.032502,-0.022410
21.450000,0.129215,-0.146405,-0.958965,0.010567,-0.012310,-0.030154
21.500000,0.130626,-0.146270,-0.961727,0.009375,-0.010444,-0.023943
21.550000,0.133049,-0.146616,-0.966130,-0.004320,0.001539,-0.028398
21.600000,0.133759,-0.146498,-0.969533,-0.002538,0.005426,-0.020301
21.650000,0.134056,-0.147103,-0.971154,-0.005265,0.006899,-0.015073
21.700000,0.132609,-0.146336,-0.971160,-0.004713,0.009881,-0.012035
21.750000,0.133177,-0.146973,-0.972461,-0.005924,0.011227,-0.010549
21.800000,0.132979,-0.146697,-0.972119,-0.002543,0.008709,-0.005555
21.850000,0.133093,-0.147448,-0.972733,-0.002334,0.011181,-0.006086
21.900000,0.132924,-0.147086,-0.971845,-0.001099,0.011481,-0.004827
21.950000,0.133499,-0.147065,-0.970858,-0.000091,0.012156,-0.004213
22.000000,0.133473,-0.147089,-0.969654,0.001827,0.016169,-0.003009
22.050000,0.134092,-0.147113,-0.969015,-0.000776,0.016870,-0.004174
22.100000,0.134999,-0.147419,-0.969183,-0.002949,0.018193,-0.005053
22.150000,0.136437,-0.147728,-0.970076,-0.005671,0.018760,-0.005432
22.200000,0.137957,-0.147601,-0.970541,-0.004964,0.020724,-0.004484
22.250000,0.139112,-0.147631,-0.970820,-0.006523,0.021075,-0.002730
22.300000,0.139781,-0.147302,-0.970183,-0.004813,0.021018,0.000843
22.350000,0.140178,-0.147218,-0.970096,-0.004193,0.021091,0.003254
22.400000,0.141451,-0.147285,-0.970372,-0.004287,0.019349,0.004997
22.450000,0.142794,-0.147094,-0.971815,-0.005417,0.021525,0.003439
22.500000,0.144886,-0.147144,-0.971487,0.000491,0.021552,0.005139
22.550000,0.145969,-0.147353,-0.970446,0.003425,0.026570,0.006590
22.600000,0.146368,-0.147602,-0.968956,0.004749,0.028588,0.008144
22.650000,0.147779,-0.147456,-0.968064,0.003345,0.030488,0.007691
22.700000,0.148248,-0.148083,-0.968474,0.001482,0.032584,0.007979
22.750000,0.149513,-0.148663,-0.968981,0.001530,0.030286,0.006247
22.800000,0.150997,-0.148631,-0.967852,0.004405,0.028675,0.006434
22.850000,0.152782,-0.148824,-0.966287,0.005437,0.029897,0.004324
22.900000,0.154652,-0.147485,-0.961348,0.009170,0.030801,0.003382
22.950000,0.156689,-0.146320,-0.955081,0.004427,0.036066,0.001831
23.000000,0.158098,-0.143936,-0.947791,-0.005878,0.039989,0.000283
23.050000,0.159093,-0.141570,-0.941521,-0.024761,0.041659,-0.001610
23.100000,0.159976,-0.140864,-0.939325,-0.048186,0.041595,-0.005072
23.150000,0.162999,-0.137059,-0.935423,-0.060769,0.034310,-0.003356
23.200000,0.165009,-0.134933,-0.936162,-0.079279,0.034588,-0.006371
23.250000,0.166486,-0.128495,-0.932979,-0.087624,0.028518,-0.002585
23.300000,0.167213,-0.123761,-0.933770,-0.098741,0.030943,-0.001143
23.350000,0.170305,-0.117506,-0.934003,-0.109755,0.025703,0.000229
23.400000,0.170844,-0.114067,-0.934868,-0.123889,0.025280,0.003247
23.450000,0.171568,-0.106853,-0.934550,-0.123824,0.028385,0.009801
23.500000,0.171226,-0.101073,-0.932345,-0.122499,0.025452,0.022276
23.550000,0.173093,-0.096161,-0.932484,-0.121391,0.015514,0.033900
23.600000,0.172441,-0.092138,-0.932646,-0.119528,0.006776,0.046464
23.650000,0.174129,-0.086472,-0.934702,-0.116201,-0.011590,0.057422
23.700000,0.172310,-0.081270,-0.936419,-0.115093,-0.022718,0.069080
23.750000,0.171505,-0.076654,-0.941722,-0.126755,-0.029147,0.065532
23.800000,0.167947,-0.071714,-0.944029,-0.129972,-0.037547,0.063725
23.850000,0.167569,-0.063895,-0.947127,-0.131526,-0.043316,0.052650
23.900000,0.163771,-0.056306,-0.950004,-0.134260,-0.054331,0.051099
23.950000,0.161517,-0.050222,-0.952711,-0.143514,-0.059606,0.043225
24.000000,0.154008,-0.043572,-0.955447,-0.146834,-0.067780,0.050721
24.050000,0.151377,-0.036870,-0.958326,-0.154986,-0.077122,0.045546
24.100000,0.145732,-0.031512,-0.962636,-0.158259,-0.085661,0.049476
24.150000,0.142047,-0.027878,-0.971624,-0.163529,-0.093338,0.044101
24.200000,0.139207,-0.023489,-0.980361,-0.155894,-0.104808,0.043390
24.250000,0.133763,-0.019335,-0.989944,-0.138712,-0.114605,0.052374
24.300000,0.130592,-0.014503,-0.997527,-0.118328,-0.120319,0.049241
24.350000,0.126882,-0.007383,-1.003236,-0.093464,-0.121025,0.051732
24.400000,0.120403,-0.003839,-1.007827,-0.079427,-0.131965,0.045232
24.450000,0.112490,-0.001418,-1.007589,-0.062384,-0.140035,0.050297
24.500000,0.108814,0.000325,-1.011743,-0.050994,-0.143137,0.047740
24.550000,0.102715,0.001498,-1.012537,-0.039848,-0.153821,0.048954
24.600000,0.093107,0.002446,-1.012607,-0.026797,-0.152272,0.049827
24.650000,0.086237,0.005266,-1.012538,-0.012906,-0.152186,0.046712
24.700000,0.079422,0.004392,-1.013647,-0.013016,-0.158342,0.039991
24.750000,0.073578,0.004484,-1.016487,-0.014303,-0.155409,0.027793
24.800000,0.066770,0.005844,-1.017262,-0.016241,-0.146969,0.014300
24.850000,0.062834,0.007386,-1.018622,-0.017672,-0.138486,0.000069
24.900000,0.055807,0.008148,-1.017261,-0.020229,-0.120740,-0.010613
24.950000,0.051362,0.009293,-1.015638,-0.019212,-0.110494,-0.019724
25.000000,0.045635,0.010735,-1.011253,-0.010508,-0.104985,-0.016988
25.050000,0.042907,0.011733,-1.010400,-0.008958,-0.099160,-0.014937
25.100000,0.037598,0.009736,-1.009012,-0.007417,-0.097246,-0.003388
25.150000,0.034980,0.007811,-1.007397,-0.002739,-0.088976,0.000230
25.200000,0.031140,0.008427,-1.004938,0.007702,-0.085805,0.007397
25.250000,0.032560,0.007958,-1.003264,0.009152,-0.078872,0.000388
25.300000,0.028431,0.007344,-1.001777,0.016547,-0.069053,0.006349
25.350000,0.026976,0.007783,-0.999953,0.018082,-0.061749,0.003462
25.400000,0.023886,0.009124,-0.996585,0.020230,-0.055465,0.008668
25.450000,0.019843,0.008905,-0.994981,0.015733,-0.048887,0.010600
25.500000,0.018252,0.008797,-0.992963,0.009633,-0.044014,0.003206
25.550000,0.015452,0.008027,-0.992605,0.007561,-0.040520,0.005772
25.600000,0.012815,0.006194,-0.989980,0.005058,-0.041567,0.006304
25.650000,0.011553,0.004493,-0.990274,0.003183,-0.024036,0.008442
25.700000,0.012397,0.006098,-0.990846,0.003740,-0.018492,0.005719
25.750000,0.009941,0.003829,-0.991635,0.000611,-0.011612,0.003913
25.800000,0.010147,0.004066,-0.991669,0.001169,-0.003641,0.001120
25.850000,0.010682,0.003130,-0.991803,0.001665,-0.000314,0.000690
25.900000,0.010670,0.002859,-0.991529,0.001429,0.000206,0.000370
25.950000,0.010544,0.002742,-0.991376,0.000262,0.000867,0.000184
26.000000,0.010789,0.003098,-0.991295,0.000745,0.000186,-0.001485
26.050000,0.010271,0.003054,-0.991270,0.001126,-0.000240,-0.001163
26.100000,0.009809,0.003715,-0.991130,0.000096,-0.001050,-0.000944
26.150000,0.009839,0.003403,-0.991050,-0.000151,-0.002147,-0.000863
26.200000,0.009794,0.003286,-0.990895,-0.000060,-0.002290,-0.000678
26.250000,0.009556,0.003363,-0.990786,-0.000350,-0.002389,-0.000818
26.300000,0.009402,0.003437,-0.990945,0.000227,-0.002388,-0.000537
26.350000,0.009485,0.003515,-0.991021,0.000036,-0.002012,-0.000765
26.400000,0.009251,0.003550,-0.991144,-0.000445,-0.001778,-0.001043
26.450000,0.009527,0.003435,-0.991213,-0.000651,-0.001824,-0.000673
26.500000,0.009567,0.003394,-0.991290,-0.000166,-0.001014,-0.000617
26.550000,0.009651,0.003552,-0.991327,-0.000068,-0.000732,-0.000705
26.600000,0.009807,0.003557,-0.991129,-0.000254,-0.000975,-0.001077
26.650000,0.009885,0.003558,-0.991088,0.000094,-0.001028,-0.001399
26.700000,0.009731,0.003672,-0.991171,-0.000300,-0.001411,-0.001310
26.750000,0.009619,0.003787,-0.991291,-0.000640,-0.001510,-0.001451
26.800000,0.009693,0.003830,-0.991017,-0.001082,-0.001941,-0.001409
26.850000,0.009614,0.003909,-0.990942,-0.001516,-0.002280,-0.001690
26.900000,0.009615,0.004066,-0.990827,-0.001573,-0.002233,-0.001503
26.950000,0.009764,0.003717,-0.990743,-0.001386,-0.002471,-0.001271
27.000000,0.009763,0.003876,-0.990511,-0.001729,-0.002665,-0.001319
27.050000,0.009719,0.003759,-0.990473,-0.001103,-0.002283,-0.001124
27.100000,0.009882,0.003916,-0.990508,-0.001191,-0.001672,-0.001626
27.150000,0.009926,0.004034,-0.990547,-0.001438,-0.001436,-0.001622
27.200000,0.010120,0.003840,-0.990580,-0.001539,-0.001390,-0.001619
27.250000,0.009918,0.003681,-0.990583,-0.001300,-0.001106,-0.001566
27.300000,0.010000,0.003759,-0.990621,-0.001739,-0.001442,-0.001661
27.350000,0.010036,0.003762,-0.990464,-0.002173,-0.001304,-0.001982
27.400000,0.010001,0.003840,-0.990581,-0.001826,-0.000736,-0.002296
27.450000,0.009924,0.003957,-0.990546,-0.002015,-0.000453,-0.002615
27.500000,0.010045,0.003759,-0.990852,-0.001682,0.000073,-0.002420
27.550000,0.010079,0.003762,-0.990618,-0.001819,0.000356,-0.002877
27.600000,0.010078,0.003842,-0.990502,-0.001525,0.000546,-0.003008
27.650000,0.010314,0.003845,-0.990419,-0.001295,0.000599,-0.002585
27.700000,0.010037,0.003920,-0.990349,-0.001287,0.000977,-0.002993
27.750000,0.009922,0.004115,-0.990353,-0.001091,0.000692,-0.003128
27.800000,0.009923,0.004114,-0.990392,-0.001530,0.000647,-0.003173
27.850000,0.009921,0.004076,-0.990352,-0.001582,0.001174,-0.003163
27.900000,0.009832,0.003963,-0.990004,-0.001787,0.001037,-0.002836
27.950000,0.010108,0.004006,-0.989919,-0.001249,0.000470,-0.002925
28.000000,0.010144,0.003810,-0.989995,-0.000571,0.001238,-0.002769
28.050000,0.010265,0.003692,-0.990184,-0.000126,0.001289,-0.003038
28.100000,0.010222,0.003615,-0.990068,0.000350,0.001298,-0.002613
28.150000,0.010229,0.003729,-0.990302,-0.000022,0.001535,-0.003347
28.200000,0.010314,0.003846,-0.990417,-0.000212,0.001634,-0.003525
28.250000,0.010233,0.003886,-0.990303,0.000174,0.001880,-0.003376
28.300000,0.010270,0.003889,-0.990146,-0.000276,0.001509,-0.002958
28.350000,0.010306,0.003694,-0.990144,-0.000383,0.002375,-0.002619
28.400000,0.010339,0.003539,-0.990065,0.000155,0.001764,-0.002615
28.450000,0.010021,0.003655,-0.989880,0.000257,0.001152,-0.002751
28.500000,0.010099,0.003656,-0.989801,0.000360,0.001444,-0.002925
28.550000,0.010102,0.003616,-0.989955,-0.000022,0.001639,-0.003195
28.600000,0.010145,0.003614,-0.990109,0.000023,0.001649,-0.003002
28.650000,0.010184,0.003654,-0.989993,-0.000322,0.001135,-0.002815
28.700000,0.010415,0.003501,-0.989908,-0.000277,0.001385,-0.002572
28.750000,0.010370,0.003425,-0.989753,-0.000467,0.001393,-0.002703
28.800000,0.010450,0.003464,-0.989790,-0.000670,0.001072,-0.002328
28.850000,0.010563,0.003312,-0.989630,-0.001116,0.000513,-0.001956
28.900000,0.010527,0.003468,-0.989633,-0.001350,0.000616,-0.002225
28.950000,0.010566,0.003469,-0.989631,-0.001840,0.000103,-0.002039
29.000000,0.010607,0.003428,-0.989708,-0.002465,-0.000365,-0.002269
29.050000,0.010728,0.003428,-0.989782,-0.002063,-0.000833,-0.002585
29.100000,0.010725,0.003430,-0.989666,-0.001878,-0.001198,-0.002070
29.150000,0.010611,0.003585,-0.989747,-0.001876,-0.001234,-0.002015
29.200000,0.010450,0.003546,-0.989634,-0.001823,-0.000699,-0.002046
29.250000,0.010408,0.003467,-0.989597,-0.002156,-0.001690,-0.002234
29.300000,0.010287,0.003467,-0.989522,-0.002261,-0.001341,-0.001805
29.350000,0.010370,0.003425,-0.989753,-0.002062,-0.001139,-0.001839
29.400000,0.010367,0.003307,-0.989752,-0.001929,-0.001550,-0.001185
29.450000,0.010046,0.003267,-0.989605,-0.001726,-0.001300,-0.001311
29.500000,0.010123,0.003109,-0.989719,-0.002404,-0.001337,-0.001352
29.550000,0.010085,0.003148,-0.989758,-0.002237,-0.001093,-0.001988
29.600000,0.010088,0.003226,-0.989797,-0.002229,-0.001796,-0.002123
29.650000,0.009892,0.003340,-0.989764,-0.002234,-0.001161,-0.001784
29.700000,0.010048,0.003265,-0.989720,-0.002236,-0.000290,-0.001581
29.750000,0.010132,0.003422,-0.989758,-0.002435,-0.000417,-0.001296
29.800000,0.010089,0.003423,-0.989604,-0.002038,0.000072,-0.001373
29.850000,0.009963,0.003385,-0.989374,-0.001842,0.000372,-0.001266
29.900000,0.010126,0.003384,-0.989564,-0.001982,0.000146,-0.001352
29.950000,0.009771,0.003379,-0.989651,-0.001823,-0.000273,-0.001670
30.000000,0.009855,0.003575,-0.989651,-0.001725,-0.000734,-0.001525
30.050000,0.009774,0.003417,-0.989691,-0.001519,-0.001055,-0.001749
30.100000,0.009706,0.003646,-0.990045,-0.001018,-0.000807,-0.002105
30.150000,0.009743,0.003411,-0.990157,-0.000374,-0.001270,-0.002327
30.200000,0.009626,0.003369,-0.990276,0.000314,-0.000970,-0.002357
30.250000,0.009579,0.003174,-0.990199,0.000597,-0.000429,-0.001879
30.300000,0.009371,0.003058,-0.989893,0.000454,-0.000129,-0.001867
30.350000,0.009373,0.002977,-0.990087,0.000566,-0.000262,-0.002274
30.400000,0.009373,0.002857,-0.990242,0.000484,-0.000253,-0.002728
30.450000,0.009410,0.002700,-0.990317,-0.000098,-0.000811,-0.002726
30.500000,0.009177,0.002894,-0.990325,0.000050,-0.000272,-0.002664
30.550000,0.009180,0.002930,-0.990442,-0.000092,-0.000546,-0.002705
30.600000,0.009136,0.002893,-0.990327,0.000255,-0.000104,-0.002828
30.650000,0.009296,0.003013,-0.990284,0.000364,0.000336,-0.003137
30.700000,0.009421,0.003091,-0.990474,0.000156,0.000687,-0.002570
30.750000,0.009265,0.003207,-0.990441,0.000407,0.000748,-0.002697
30.800000,0.009344,0.003169,-0.990478,0.000641,0.000387,-0.002226
30.850000,0.009268,0.003046,-0.990752,0.000641,0.000401,-0.002124
30.900000,0.009185,0.002928,-0.990754,0.000514,-0.000066,-0.002720
30.950000,0.009144,0.002889,-0.990754,0.000660,-0.001432,-0.002583
31.000000,0.009101,0.002692,-0.990871,0.000810,-0.002132,-0.002625
31.050000,0.009136,0.002654,-0.990753,0.001047,-0.003398,-0.002208
31.100000,0.008732,0.002377,-0.990684,0.001628,-0.004619,-0.001929
31.150000,0.008166,0.002021,-0.990580,0.001820,-0.005316,-0.001738
31.200000,0.008044,0.001943,-0.990544,0.001707,-0.005105,-0.001078
31.250000,0.007690,0.001779,-0.990824,0.001372,-0.005411,0.000593
31.300000,0.007452,0.001697,-0.990868,0.001523,-0.006016,0.000507
31.350000,0.007007,0.001341,-0.990838,0.001758,-0.006996,0.000973
31.400000,0.007087,0.001144,-0.991068,0.001918,-0.008446,0.002359
31.450000,0.009275,-0.000122,-0.991039,0.002746,-0.013534,0.011722
31.500000,0.006818,0.000089,-0.990834,0.004090,-0.018261,0.029144
31.550000,0.008071,-0.001238,-0.991646,0.005124,-0.022702,0.041706
31.600000,0.006587,-0.001125,-0.990715,0.006562,-0.026556,0.066493
31.650000,0.004885,-0.001226,-0.990955,0.007973,-0.027686,0.097691
31.700000,0.002943,-0.001210,-0.990967,0.009333,-0.027040,0.130708
31.750000,0.000588,-0.001306,-0.990330,0.010681,-0.028327,0.160607
31.800000,0.002930,-0.003575,-0.989435,0.013350,-0.029724,0.188569
31.850000,-0.000044,-0.002202,-0.989640,0.014477,-0.030841,0.232119
31.900000,0.001115,-0.003878,-0.990181,0.016911,-0.031241,0.270639
31.950000,0.003560,-0.005699,-0.987927,0.019962,-0.030997,0.317034
32.000000,0.003095,-0.006972,-0.986220,0.023054,-0.030909,0.367361
32.050000,0.001223,-0.005780,-0.986279,0.023709,-0.028717,0.413899
32.100000,-0.001350,-0.005771,-0.986464,0.026317,-0.030398,0.447733
32.150000,0.001764,-0.007606,-0.985862,0.027801,-0.033079,0.487103
32.200000,0.004033,-0.008078,-0.985020,0.031620,-0.027195,0.546557
32.250000,-0.001316,-0.006005,-0.986499,0.032060,-0.023688,0.622907
32.300000,-0.005099,-0.005864,-0.987418,0.035044,-0.020615,0.677148
32.350000,-0.002159,-0.006525,-0.986635,0.036772,-0.018518,0.723690
32.400000,-0.006849,-0.005125,-0.986303,0.037517,-0.016625,0.779571
32.450000,-0.007970,-0.004124,-0.986534,0.037975,-0.015200,0.820685
32.500000,-0.010420,-0.002870,-0.987386,0.038142,-0.014236,0.858137
32.550000,-0.010551,-0.003500,-0.987502,0.037945,-0.013681,0.892759
32.600000,-0.009484,-0.003804,-0.987783,0.036440,-0.010972,0.928827
32.650000,-0.010250,-0.005449,-0.987209,0.035460,-0.008305,0.970776
32.700000,-0.016328,-0.003297,-0.987931,0.034578,-0.003075,0.996272
32.750000,-0.014986,-0.003795,-0.988203,0.034238,0.002623,1.005163
32.800000,-0.015630,-0.003954,-0.987947,0.033176,0.007633,1.006407
32.850000,-0.012402,-0.005532,-0.988705,0.031528,0.012466,1.004037
32.900000,-0.012429,-0.005912,-0.987887,0.030022,0.016322,1.014617
32.950000,-0.012723,-0.005254,-0.988210,0.029683,0.021795,1.014389
33.000000,-0.011356,-0.005093,-0.988953,0.028115,0.024919,1.007237
33.050000,-0.013369,-0.004113,-0.990062,0.025106,0.026669,0.995669
33.100000,-0.014733,-0.003071,-0.989990,0.023274,0.026986,0.972988
33.150000,-0.015975,-0.001711,-0.989644,0.020143,0.027642,0.940493
33.200000,-0.018791,-0.000482,-0.991866,0.017107,0.027504,0.899014
33.250000,-0.017725,-0.000492,-0.993547,0.014562,0.027287,0.859250
33.300000,-0.016994,-0.001187,-0.993367,0.013865,0.024112,0.828910
33.350000,-0.017145,0.001285,-0.992766,0.011075,0.025804,0.805498
33.400000,-0.020625,0.002845,-0.993220,0.009249,0.029257,0.766141
33.450000,-0.023492,0.003154,-0.994077,0.005384,0.024526,0.706567
33.500000,-0.018664,0.000881,-0.992533,0.005140,0.021266,0.630181
33.550000,-0.015275,0.000457,-0.992050,0.002571,0.017623,0.575020
33.600000,-0.018649,0.001071,-0.992961,0.000008,0.018613,0.526797
33.650000,-0.012609,0.000587,-0.996102,-0.001827,0.022649,0.473190
33.700000,-0.011840,-0.000580,-0.996268,-0.002035,0.020849,0.431849
33.750000,-0.009680,-0.001907,-0.994956,-0.001915,0.020831,0.392794
33.800000,-0.009786,-0.001401,-0.995001,-0.001870,0.021473,0.358326
33.850000,-0.011053,-0.001176,-0.994725,-0.000807,0.019913,0.322316
33.900000,-0.010966,0.000463,-0.995123,-0.000190,0.019384,0.279279
33.950000,-0.007396,-0.000543,-0.994437,-0.000432,0.019120,0.244616
34.000000,-0.006682,-0.000496,-0.994417,-0.001526,0.017738,0.218083
34.050000,-0.007690,0.000711,-0.994025,-0.001709,0.016478,0.204930
34.100000,-0.009960,0.001898,-0.994055,-0.001500,0.015612,0.182573
34.150000,-0.008516,0.002181,-0.994485,-0.001219,0.013051,0.141182
34.200000,-0.006647,0.001191,-0.994001,-0.002290,0.007093,0.108454
34.250000,-0.005948,0.000812,-0.993708,-0.002029,0.005038,0.085997
34.300000,-0.006763,0.001904,-0.993310,-0.001634,0.004845,0.069434
34.350000,-0.002871,-0.000828,-0.993031,-0.001411,0.005135,0.048339
34.400000,-0.003436,-0.001027,-0.992850,-0.001102,0.004371,0.042276
34.450000,-0.003386,-0.000596,-0.992852,-0.000814,0.003993,0.037000
34.500000,-0.004467,0.000328,-0.993082,-0.001174,0.003473,0.026768
34.550000,-0.003853,-0.000446,-0.992982,-0.001320,0.004659,0.010306
34.600000,-0.001542,-0.003238,-0.993016,-0.001038,0.004234,-0.000199
34.650000,-0.001339,-0.003239,-0.993206,-0.000799,0.003619,-0.000017
34.700000,-0.001017,-0.003237,-0.993392,-0.000796,0.003858,-0.000151
34.750000,-0.000858,-0.003276,-0.993464,-0.001372,0.003666,-0.000525
34.800000,-0.000822,-0.003194,-0.993154,-0.002422,0.004865,0.000362
34.850000,-0.000342,-0.003071,-0.993181,-0.002209,0.003212,0.001553
34.900000,-0.001699,-0.004062,-0.990137,-0.001268,-0.002040,-0.000663
34.950000,-0.001586,-0.004058,-0.989863,-0.001562,-0.001896,-0.000661
35.000000,-0.001347,-0.004175,-0.990088,-0.001560,-0.002703,-0.000713
35.050000,-0.001346,-0.004056,-0.989973,-0.001411,-0.003178,-0.000807
35.100000,-0.001310,-0.004055,-0.989856,-0.001597,-0.003465,-0.001179
35.150000,-0.001155,-0.004169,-0.989774,-0.001736,-0.003656,-0.001457
35.200000,-0.001118,-0.004167,-0.989695,-0.001491,-0.003652,-0.001498
35.250000,-0.001082,-0.004244,-0.989578,-0.001480,-0.003842,-0.001912
35.300000,-0.001155,-0.004169,-0.989736,-0.001368,-0.003748,-0.002461
35.350000,-0.001036,-0.004127,-0.989655,-0.001899,-0.004127,-0.002649
35.400000,-0.001075,-0.004167,-0.989772,-0.001900,-0.003838,-0.002642
35.450000,-0.000986,-0.004013,-0.990042,-0.001410,-0.003360,-0.002725
35.500000,-0.000939,-0.003978,-0.990391,-0.001410,-0.003168,-0.002768
35.550000,-0.000739,-0.004135,-0.990617,-0.001012,-0.003166,-0.003039
35.600000,-0.000847,-0.004063,-0.991048,-0.001404,-0.003448,-0.002993
35.650000,-0.000887,-0.003943,-0.990855,-0.001207,-0.002921,-0.003076
35.700000,-0.000968,-0.003944,-0.990780,-0.001357,-0.002820,-0.002933
35.750000,-0.000889,-0.003984,-0.990856,-0.001686,-0.002582,-0.003391
35.800000,-0.000875,-0.003873,-0.991362,-0.001792,-0.002146,-0.003106
35.850000,-0.000954,-0.003755,-0.991249,-0.001782,-0.002049,-0.003471
35.900000,-0.001032,-0.003798,-0.991367,-0.001676,-0.001760,-0.003787
35.950000,-0.001115,-0.003915,-0.991368,-0.002066,-0.001946,-0.003787
36.000000,-0.001235,-0.003916,-0.991332,-0.001879,-0.001222,-0.003498
36.050000,-0.001275,-0.003797,-0.991216,-0.001681,-0.001121,-0.003585
36.100000,-0.001356,-0.003996,-0.991373,-0.001640,-0.001064,-0.003302
36.150000,-0.001270,-0.003920,-0.991605,-0.001579,-0.001012,-0.003715
36.200000,-0.001267,-0.003882,-0.991683,-0.001510,-0.000726,-0.004449
36.250000,-0.001388,-0.003922,-0.991649,-0.001897,-0.000387,-0.004583
36.300000,-0.001351,-0.004118,-0.991724,-0.001799,-0.000188,-0.004577
36.350000,-0.001233,-0.004196,-0.991797,-0.001362,0.000155,-0.004476
36.400000,-0.001263,-0.004083,-0.992070,-0.001516,0.000166,-0.004149
36.450000,-0.001182,-0.004125,-0.992224,-0.001557,0.000741,-0.004421
36.500000,-0.001180,-0.004047,-0.992263,-0.001534,0.001279,-0.003443
36.550000,-0.000983,-0.004123,-0.992296,-0.001540,0.001383,-0.003210
36.600000,-0.000897,-0.004047,-0.992527,-0.001100,0.001438,-0.003206
36.650000,-0.000865,-0.004120,-0.992215,-0.001001,0.001110,-0.003253
36.700000,-0.001028,-0.004120,-0.992026,-0.001250,0.000690,-0.003026
36.750000,-0.001031,-0.004040,-0.991832,-0.001097,0.000409,-0.003212
36.800000,-0.001276,-0.004078,-0.991567,-0.001746,0.000180,-0.002663
36.850000,-0.001163,-0.004073,-0.991293,-0.001791,0.000469,-0.002754
36.900000,-0.001039,-0.004075,-0.991523,-0.001991,-0.000144,-0.002530
36.950000,-0.000917,-0.003997,-0.991559,-0.001452,-0.000045,-0.002620
37.000000,-0.000836,-0.003877,-0.991479,-0.001114,0.000103,-0.002479
37.050000,-0.000718,-0.003837,-0.991399,-0.000578,-0.000416,-0.002389
37.100000,-0.000519,-0.003835,-0.991432,-0.000489,-0.000362,-0.002065
37.150000,-0.000517,-0.003677,-0.991395,-0.000646,-0.000832,-0.001655
37.200000,-0.000760,-0.003637,-0.991090,-0.000555,-0.001486,-0.001244
37.250000,-0.000875,-0.003522,-0.991171,-0.000892,-0.002050,-0.001251
37.300000,-0.000676,-0.003679,-0.991360,-0.001164,-0.003096,-0.001863
37.350000,-0.000594,-0.003560,-0.991319,-0.001101,-0.002426,-0.002273
37.400000,-0.001189,-0.003527,-0.991296,-0.000711,-0.002084,-0.002128
37.450000,-0.002297,-0.003502,-0.991364,-0.000325,-0.002631,-0.005462
37.500000,-0.003076,-0.002924,-0.991311,0.000278,-0.003948,-0.015050
37.550000,-0.002958,-0.001278,-0.991242,0.000778,-0.004143,-0.037214
37.600000,-0.003036,-0.001080,-0.991052,0.001772,-0.004581,-0.070531
37.650000,-0.005367,0.000212,-0.991901,0.001241,-0.004858,-0.101587
37.700000,-0.010615,0.002933,-0.991827,0.002270,-0.008890,-0.127023
37.750000,-0.012560,0.004199,-0.992160,0.002611,-0.008742,-0.179682
37.800000,-0.014857,0.005615,-0.992542,0.003565,-0.006497,-0.242546
37.850000,-0.013929,0.006290,-0.992561,0.003901,-0.008226,-0.313177
37.900000,-0.016288,0.006687,-0.993055,0.003619,-0.009563,-0.382605
37.950000,-0.014020,0.007502,-0.992571,0.003973,-0.010284,-0.457576
38.000000,-0.014117,0.007924,-0.993122,0.003264,-0.008201,-0.527531
38.050000,-0.015679,0.008408,-0.993633,0.002630,-0.004429,-0.600339
38.100000,-0.012543,0.008877,-0.993319,0.002669,-0.003733,-0.681778
38.150000,-0.011915,0.009578,-0.994085,0.002666,-0.000769,-0.754451
38.200000,-0.009099,0.009609,-0.994164,0.001479,-0.001002,-0.817442
38.250000,-0.009991,0.011866,-0.994360,0.002587,-0.001293,-0.871397
38.300000,-0.007310,0.011033,-0.994672,-0.000447,-0.003068,-0.930988
38.350000,-0.007491,0.011497,-0.994913,-0.000323,-0.004227,-0.975515
38.400000,-0.006993,0.011514,-0.994084,-0.000032,-0.005264,-1.017172
38.450000,-0.005964,0.012574,-0.994647,-0.000513,-0.005249,-1.057482
38.500000,-0.004648,0.012622,-0.995041,-0.000434,-0.003812,-1.093241
38.550000,-0.004227,0.012042,-0.994987,-0.000474,-0.002826,-1.126367
38.600000,-0.002180,0.011119,-0.995432,-0.000365,-0.005062,-1.157717
38.650000,-0.001861,0.012606,-0.995705,-0.000374,-0.005637,-1.179195
38.700000,-0.000480,0.012427,-0.995628,-0.000372,-0.006485,-1.199288
38.750000,0.000627,0.011687,-0.996370,-0.001238,-0.005793,-1.207015
38.800000,0.001910,0.009359,-0.996047,-0.002488,-0.005733,-1.194944
38.850000,0.002219,0.008931,-0.996153,-0.003555,-0.005485,-1.162324
38.900000,0.004035,0.007870,-0.995086,-0.003509,-0.005345,-1.131225
38.950000,0.008885,0.005424,-0.994744,-0.005077,-0.000163,-1.105550
39.000000,0.011031,0.003961,-0.994793,-0.006230,0.003020,-1.053467
39.050000,0.013537,0.002858,-0.994524,-0.006874,0.001015,-0.991109
39.100000,0.012612,0.002300,-0.994545,-0.007123,0.004182,-0.919955
39.150000,0.014987,0.002211,-0.994402,-0.007125,0.005381,-0.850716
39.200000,0.012891,0.001787,-0.995039,-0.007571,0.006488,-0.775834
39.250000,0.013027,0.001405,-0.994449,-0.007011,0.004603,-0.705647
39.300000,0.014673,0.001118,-0.993898,-0.006168,0.001025,-0.633207
39.350000,0.011659,0.000847,-0.994133,-0.005626,0.000910,-0.551482
39.400000,0.011155,0.000422,-0.993326,-0.005616,-0.001717,-0.478945
39.450000,0.008180,0.000469,-0.993134,-0.005259,-0.001525,-0.415820
39.500000,0.009075,-0.001750,-0.993016,-0.005634,-0.000941,-0.361767
39.550000,0.006233,-0.000837,-0.992516,-0.003030,0.000695,-0.302411
39.600000,0.006222,-0.001069,-0.992281,-0.002963,0.001815,-0.257606
39.650000,0.005723,-0.000966,-0.992917,-0.003406,0.002956,-0.215625
39.700000,0.005061,-0.001751,-0.992502,-0.002382,0.003177,-0.175543
39.750000,0.003862,-0.001796,-0.991990,-0.002273,0.002456,-0.139546
39.800000,0.003124,-0.001022,-0.991898,-0.001755,0.002426,-0.106086
39.850000,0.000920,0.000254,-0.991150,-0.002505,0.003710,-0.074518
39.900000,0.001038,-0.001069,-0.990749,-0.002403,0.004335,-0.052855
39.950000,0.000969,-0.000759,-0.990831,-0.002898,0.005264,-0.028971
40.000000,0.000563,-0.000480,-0.990067,-0.002489,0.005802,-0.011518
40.050000,-0.000755,0.000479,-0.990303,-0.002230,0.005753,-0.001198
40.100000,-0.000826,0.000791,-0.990345,-0.002396,0.005901,-0.000550
40.150000,-0.000351,0.000797,-0.990294,-0.001806,0.005899,-0.000779
40.200000,0.000010,0.000718,-0.990596,-0.001217,0.004661,-0.000926
40.250000,-0.000223,0.001150,-0.990294,-0.000198,0.000905,-0.000677
40.300000,-0.000742,0.001026,-0.990269,-0.000364,0.001101,0.000017
40.350000,-0.000903,0.000986,-0.990234,-0.000789,-0.000285,-0.000508
40.400000,-0.000986,0.000947,-0.990158,-0.000786,0.000000,-0.000644
40.450000,-0.001151,0.000751,-0.990084,-0.000537,0.000094,-0.000828
40.500000,-0.001108,0.000671,-0.990275,-0.000295,-0.000191,-0.000783
40.550000,-0.001062,0.000707,-0.990507,-0.000106,-0.000046,-0.000549
40.600000,-0.001180,0.000825,-0.990394,-0.000408,-0.000663,-0.000233
40.650000,-0.001182,0.000668,-0.990471,-0.000366,-0.000899,0.000043
40.700000,-0.001099,0.000587,-0.990740,-0.000264,-0.001281,-0.000146
40.750000,-0.000939,0.000706,-0.990698,-0.000894,-0.001283,-0.000288
40.800000,-0.000818,0.000746,-0.990695,-0.000804,-0.000900,-0.000053
40.850000,-0.000894,0.000704,-0.990851,-0.001288,-0.000759,-0.000194
40.900000,-0.000767,0.000859,-0.991082,-0.001031,-0.000430,-0.000699
40.950000,-0.000808,0.000781,-0.991044,-0.001426,-0.000333,-0.000515
41.000000,-0.000805,0.000897,-0.991083,-0.001519,-0.001001,-0.000661
41.050000,-0.000809,0.000661,-0.991159,-0.001571,-0.001095,-0.000570
41.100000,-0.000847,0.000580,-0.991315,-0.000696,-0.001092,-0.000426
41.150000,-0.000803,0.000618,-0.991470,-0.001226,-0.001238,-0.000662
41.200000,-0.000966,0.000618,-0.991281,-0.001229,-0.000998,-0.000568
41.250000,-0.000804,0.000737,-0.991315,-0.000895,-0.000804,-0.000286
41.300000,-0.000804,0.000579,-0.991469,-0.000584,-0.001046,-0.000934
41.350000,-0.000883,0.000656,-0.991434,-0.000484,-0.001046,-0.001025
41.400000,-0.001039,0.000693,-0.991476,-0.000579,-0.001140,-0.001072
41.450000,-0.000997,0.000613,-0.991669,-0.001007,-0.001382,-0.001492
41.500000,-0.001040,0.000654,-0.991476,-0.001243,-0.001574,-0.001769
41.550000,-0.000767,0.000620,-0.991313,-0.001240,-0.001527,-0.001857
41.600000,-0.000851,0.000583,-0.991121,-0.001538,-0.001428,-0.001621
41.650000,-0.000814,0.000506,-0.991081,-0.001550,-0.001709,-0.001155
41.700000,-0.000812,0.000584,-0.991082,-0.001360,-0.001515,-0.000915
41.750000,-0.000813,0.000624,-0.991004,-0.001551,-0.001658,-0.001048
41.800000,-0.000786,0.000554,-0.990537,-0.001697,-0.001608,-0.000995
41.850000,-0.000665,0.000513,-0.990688,-0.001732,-0.001421,-0.001495
41.900000,-0.000710,0.000397,-0.990534,-0.001678,-0.001421,-0.001624
41.950000,-0.000670,0.000357,-0.990610,-0.001629,-0.001038,-0.001565
42.000000,-0.000834,0.000359,-0.990343,-0.002030,-0.000796,-0.001140
42.050000,-0.000794,0.000399,-0.990342,-0.002074,-0.000224,-0.001262
42.100000,-0.000396,0.000482,-0.990332,-0.001925,0.000062,-0.001293
42.150000,-0.000399,0.000404,-0.990293,-0.002126,-0.000029,-0.001006
42.200000,-0.000316,0.000483,-0.990369,-0.002414,0.000114,-0.001130
42.250000,-0.000041,0.000487,-0.990245,-0.002510,0.000163,-0.001116
42.300000,-0.000033,0.000720,-0.990364,-0.002809,0.000310,-0.000777
42.350000,0.000199,0.000608,-0.990240,-0.003203,0.000122,-0.000578
42.400000,0.000233,0.000453,-0.990160,-0.003057,0.000363,-0.000465
42.450000,0.000275,0.000453,-0.990236,-0.002665,0.000460,-0.000445
42.500000,0.000594,0.000535,-0.990228,-0.002461,0.000459,-0.000701
42.550000,0.000707,0.000659,-0.989837,-0.003004,0.000462,-0.000361
42.600000,0.000757,0.000851,-0.990109,-0.002566,0.000274,-0.000200
42.650000,0.000950,0.000816,-0.989910,-0.002426,0.000659,0.000103
42.700000,0.001058,0.000745,-0.989479,-0.002237,0.000187,0.000445
42.750000,0.001176,0.000707,-0.989476,-0.002031,0.000661,0.000145
42.800000,0.001255,0.000748,-0.989473,-0.002268,0.001039,-0.000017
42.850000,0.001264,0.000861,-0.989746,-0.002113,0.000609,-0.000233
42.900000,0.001332,0.000551,-0.989548,-0.001468,-0.000963,-0.000501
42.950000,0.001213,0.000391,-0.989705,0.000176,-0.003287,0.000247
43.000000,0.001083,-0.000040,-0.989667,0.002314,-0.006231,0.000759
43.050000,-0.000762,0.000444,-0.989953,0.005122,-0.010597,0.001818
43.100000,-0.001971,-0.000417,-0.991885,0.010654,-0.016400,0.001399
43.150000,-0.004990,-0.002157,-0.993664,0.026196,-0.030155,-0.000935
43.200000,-0.006057,-0.005657,-0.994096,0.056660,-0.041298,-0.001172
43.250000,-0.007316,-0.010291,-0.994252,0.100923,-0.050751,0.004375
43.300000,-0.008396,-0.018876,-0.994337,0.151368,-0.061141,0.010500
43.350000,-0.012860,-0.027650,-0.994006,0.205461,-0.068952,0.016993
43.400000,-0.015729,-0.039619,-0.993961,0.269491,-0.071919,0.025806
43.450000,-0.023110,-0.053118,-0.990526,0.350194,-0.069464,0.036841
43.500000,-0.029153,-0.071184,-0.984301,0.429333,-0.071343,0.037184
43.550000,-0.034616,-0.091926,-0.976721,0.504227,-0.076088,0.026648
43.600000,-0.038140,-0.116810,-0.964395,0.585307,-0.084027,0.009312
43.650000,-0.040720,-0.144609,-0.951284,0.668107,-0.086478,-0.006807
43.700000,-0.042709,-0.175040,-0.933591,0.745990,-0.096300,-0.021355
43.750000,-0.045835,-0.207759,-0.913502,0.814027,-0.107107,-0.032636
43.800000,-0.047549,-0.243240,-0.890284,0.877930,-0.114625,-0.042662
43.850000,-0.048616,-0.279678,-0.863156,0.938524,-0.110537,-0.047836
43.900000,-0.050127,-0.316780,-0.832651,0.988376,-0.107413,-0.047294
43.950000,-0.052664,-0.354360,-0.804776,1.025946,-0.094095,-0.043859
44.000000,-0.056349,-0.392459,-0.773856,1.061068,-0.090581,-0.039878
44.050000,-0.057762,-0.431708,-0.737308,1.093510,-0.087819,-0.039670
44.100000,-0.061161,-0.469875,-0.708752,1.108355,-0.083740,-0.038344
44.150000,-0.063843,-0.508491,-0.673330,1.128180,-0.081941,-0.042519
44.200000,-0.066411,-0.547009,-0.639540,1.151500,-0.076150,-0.047980
44.250000,-0.067568,-0.586005,-0.601743,1.176217,-0.071023,-0.054314
44.300000,-0.067983,-0.625327,-0.565635,1.194512,-0.068212,-0.057698
44.350000,-0.068377,-0.663738,-0.525722,1.217303,-0.061494,-0.061438
44.400000,-0.064227,-0.701321,-0.480447,1.232858,-0.046199,-0.063011
44.450000,-0.064440,-0.737214,-0.436855,1.215921,-0.034505,-0.057395
44.500000,-0.064335,-0.772400,-0.396175,1.179655,-0.024426,-0.058796
44.550000,-0.066472,-0.802625,-0.354424,1.136538,-0.011005,-0.063165
44.600000,-0.062299,-0.833843,-0.310320,1.088523,-0.002251,-0.072186
44.650000,-0.061661,-0.861304,-0.269098,1.019211,0.000531,-0.080223
44.700000,-0.055264,-0.887726,-0.230955,0.933622,-0.001319,-0.092510
44.750000,-0.051074,-0.909019,-0.196793,0.850083,0.000280,-0.092168
44.800000,-0.046508,-0.928042,-0.162872,0.774605,0.005317,-0.081383
44.850000,-0.045471,-0.942328,-0.134714,0.691353,0.012936,-0.062798
44.900000,-0.044053,-0.953986,-0.106488,0.609637,0.015377,-0.048600
44.950000,-0.043491,-0.962984,-0.083513,0.530589,0.025140,-0.035756
45.000000,-0.041962,-0.970085,-0.062819,0.461442,0.035948,-0.024653
45.050000,-0.041951,-0.974396,-0.045800,0.397161,0.043724,-0.012948
45.100000,-0.043032,-0.977351,-0.031891,0.336369,0.039502,-0.007349
45.150000,-0.043154,-0.980033,-0.021690,0.285920,0.036468,-0.008994
45.200000,-0.042195,-0.981808,-0.009095,0.248251,0.023428,-0.013898
45.250000,-0.039448,-0.983475,0.001447,0.214335,0.020101,-0.018875
45.300000,-0.039934,-0.983702,0.005439,0.180934,0.016499,-0.017560
45.350000,-0.037280,-0.985294,0.018622,0.167365,0.013331,-0.018906
45.400000,-0.036283,-0.985686,0.023509,0.145967,0.013492,-0.014019
45.450000,-0.035116,-0.986828,0.030740,0.119500,0.009884,-0.009240
45.500000,-0.035370,-0.986796,0.033376,0.090373,0.008317,-0.003814
45.550000,-0.034954,-0.987244,0.037588,0.067841,0.009437,-0.002354
45.600000,-0.034694,-0.987801,0.039620,0.038755,0.008666,0.001505
45.650000,-0.037169,-0.987751,0.036755,0.009668,0.007419,0.005453
45.700000,-0.037178,-0.987928,0.035162,-0.002540,0.006925,0.000385
45.750000,-0.037817,-0.987894,0.035378,-0.011899,0.005874,-0.003516
45.800000,-0.036299,-0.988640,0.033986,-0.022918,0.002126,-0.005507
45.850000,-0.037712,-0.988477,0.029788,-0.031925,0.001026,-0.004361
45.900000,-0.036776,-0.988880,0.028146,-0.028560,0.001442,-0.006096
45.950000,-0.037171,-0.988792,0.026348,-0.023645,0.000740,-0.005518
46.000000,-0.036503,-0.989219,0.026096,-0.016749,0.001219,-0.006121
46.050000,-0.037083,-0.989234,0.025421,-0.013726,0.001604,-0.006007
46.100000,-0.036324,-0.989467,0.024897,-0.012270,0.002114,-0.007519
46.150000,-0.036298,-0.989644,0.023462,-0.015545,0.002222,-0.005452
46.200000,-0.035858,-0.989960,0.022855,-0.016282,0.002095,-0.003420
46.250000,-0.035902,-0.989705,0.021531,-0.014447,0.002054,-0.002666
46.300000,-0.036124,-0.989399,0.021133,-0.009794,0.002196,-0.003283
46.350000,-0.035875,-0.989402,0.020674,-0.005827,0.002527,-0.003810
46.400000,-0.035613,-0.989429,0.021381,-0.001793,0.002726,-0.003227
46.450000,-0.036009,-0.989435,0.021331,-0.002460,0.003464,-0.000166
46.500000,-0.036313,-0.989446,0.020779,-0.005322,0.003089,0.001066
46.550000,-0.036802,-0.989428,0.019522,-0.008526,0.003696,0.000454
46.600000,-0.037093,-0.989448,0.018309,-0.010984,0.003633,-0.000669
46.650000,-0.037189,-0.989504,0.017142,-0.012916,0.003099,-0.001377
46.700000,-0.036902,-0.989507,0.016723,-0.010911,0.002861,-0.001551
46.750000,-0.037329,-0.989875,0.015859,-0.008603,0.002779,-0.000288
46.800000,-0.036898,-0.990026,0.015872,-0.005838,0.003072,0.000288
46.850000,-0.037324,-0.989679,0.015858,-0.005136,0.003320,0.001406
46.900000,-0.037169,-0.989953,0.015709,-0.006481,0.003738,0.000618
46.950000,-0.037064,-0.989890,0.014545,-0.009167,0.003446,0.000696
47.000000,-0.036689,-0.989897,0.013738,-0.008872,0.003871,0.000613
47.050000,-0.037098,-0.989839,0.012523,-0.005673,0.004546,0.001381
47.100000,-0.036776,-0.989839,0.012337,-0.000705,0.004267,0.001642
47.150000,-0.037216,-0.989522,0.012905,0.003628,0.003653,0.001942
47.200000,-0.036964,-0.989503,0.014116,0.005780,0.003984,0.001684
47.250000,-0.037424,-0.989120,0.013829,0.002017,0.003927,0.001852
47.300000,-0.037449,-0.989130,0.013129,-0.001469,0.003145,0.000766
47.350000,-0.037629,-0.989105,0.012308,-0.002897,0.002999,0.001178
47.400000,-0.037714,-0.989102,0.012578,0.000198,0.002517,0.000364
47.450000,-0.038268,-0.988870,0.012794,0.001715,0.002419,0.000193
47.500000,-0.038426,-0.988832,0.012828,0.000367,0.002598,-0.000549
47.550000,-0.037799,-0.989139,0.012808,-0.002375,0.003341,-0.002033
47.600000,-0.037673,-0.989340,0.012231,-0.005747,0.003337,-0.001815
47.650000,-0.037607,-0.989317,0.010989,-0.006135,0.002812,-0.001816
47.700000,-0.037103,-0.989462,0.011392,-0.002772,0.001946,-0.003418
47.750000,-0.037054,-0.989547,0.010850,-0.001115,0.001950,-0.003264
47.800000,-0.037021,-0.989543,0.011162,0.000476,0.001674,-0.002463
47.850000,-0.037246,-0.989235,0.010920,0.002163,0.001732,-0.001613
47.900000,-0.037095,-0.989308,0.011197,0.004746,0.002167,-0.001448
47.950000,-0.036909,-0.989298,0.011746,0.005066,0.002351,-0.002315
48.000000,-0.036158,-0.988969,0.012268,0.004258,0.002202,-0.002959
48.050000,-0.035889,-0.989200,0.012394,0.002774,0.002541,-0.002076
48.100000,-0.035439,-0.989536,0.013225,0.000410,0.002454,-0.001015
48.150000,-0.036774,-0.989122,0.013069,-0.006553,0.002030,0.000480
48.200000,-0.037308,-0.989037,0.014065,-0.015700,0.001900,-0.002109
48.250000,-0.036959,-0.989028,0.014386,-0.032684,0.000991,-0.005301
48.300000,-0.036060,-0.988956,0.013204,-0.057886,-0.000208,-0.007709
48.350000,-0.035742,-0.988195,0.008426,-0.091746,-0.001443,-0.007482
48.400000,-0.034723,-0.987763,0.001959,-0.120989,-0.000906,-0.006611
48.450000,-0.034630,-0.986959,-0.005275,-0.147252,-0.001016,-0.004017
48.500000,-0.034772,-0.986080,-0.012515,-0.172352,-0.000692,-0.001136
48.550000,-0.035405,-0.984532,-0.022029,-0.202550,0.000012,0.002600
48.600000,-0.034931,-0.982731,-0.031087,-0.235322,0.001248,0.002254
48.650000,-0.035611,-0.979586,-0.044034,-0.280661,-0.000336,0.002922
48.700000,-0.035699,-0.975889,-0.059962,-0.331060,-0.006470,0.001346
48.750000,-0.035475,-0.970858,-0.075969,-0.383409,-0.009355,0.001408
48.800000,-0.036398,-0.964527,-0.096214,-0.445661,-0.015175,0.005090
48.850000,-0.036832,-0.955375,-0.119460,-0.510322,-0.013711,0.009287
48.900000,-0.038787,-0.944001,-0.145096,-0.579920,-0.012491,0.013731
48.950000,-0.040482,-0.930331,-0.174782,-0.654695,-0.009834,0.014688
49.000000,-0.041260,-0.914556,-0.205936,-0.725662,-0.006730,0.011923
49.050000,-0.040536,-0.896295,-0.239750,-0.795037,-0.008156,0.008059
49.100000,-0.040581,-0.874239,-0.275904,-0.860883,-0.007802,0.010895
49.150000,-0.040635,-0.850280,-0.313123,-0.924572,-0.009193,0.015208
49.200000,-0.041792,-0.822995,-0.352532,-0.981434,-0.006812,0.024960
49.250000,-0.044221,-0.793190,-0.392615,-1.034149,-0.004726,0.032976
49.300000,-0.045110,-0.761745,-0.434261,-1.082680,-0.002886,0.034164
49.350000,-0.046421,-0.728802,-0.474803,-1.118298,-0.001816,0.032315
49.400000,-0.044921,-0.694777,-0.515859,-1.144944,-0.000048,0.032465
49.450000,-0.045546,-0.658586,-0.557026,-1.165154,0.002256,0.038256
49.500000,-0.045301,-0.621932,-0.599380,-1.175409,0.006478,0.043932
49.550000,-0.045952,-0.584094,-0.637411,-1.168252,0.010619,0.053499
49.600000,-0.047665,-0.545507,-0.671238,-1.148429,0.017750,0.060109
49.650000,-0.048344,-0.506830,-0.705078,-1.127487,0.023632,0.059633
49.700000,-0.045686,-0.468941,-0.742089,-1.110294,0.036099,0.045914
49.750000,-0.044624,-0.430813,-0.774556,-1.085347,0.038241,0.041724
49.800000,-0.042386,-0.393193,-0.805082,-1.055526,0.040058,0.037744
49.850000,-0.041393,-0.355578,-0.834865,-1.022709,0.042796,0.040267
49.900000,-0.039491,-0.319172,-0.862166,-0.978612,0.045102,0.040673
49.950000,-0.037748,-0.283392,-0.886396,-0.928106,0.051570,0.042171
50.000000,-0.036489,-0.249057,-0.910084,-0.875560,0.054267,0.042258
50.050000,-0.034348,-0.215756,-0.929816,-0.814920,0.059182,0.038847
50.100000,-0.032187,-0.185464,-0.946414,-0.750937,0.058002,0.034658
50.150000,-0.028887,-0.157169,-0.961141,-0.684553,0.056823,0.030113
50.200000,-0.025958,-0.131416,-0.972440,-0.612322,0.054355,0.029522
50.250000,-0.024024,-0.107410,-0.981809,-0.541788,0.050911,0.032106
50.300000,-0.022278,-0.086292,-0.987470,-0.469389,0.052938,0.034196
50.350000,-0.020936,-0.068914,-0.991561,-0.403896,0.052630,0.031829
50.400000,-0.019236,-0.053389,-0.994034,-0.339711,0.053634,0.027292
50.450000,-0.016959,-0.040898,-0.995461,-0.283710,0.051161,0.018652
50.500000,-0.013318,-0.031385,-0.995430,-0.229925,0.049214,0.010743
50.550000,-0.011351,-0.023132,-0.994580,-0.181082,0.046981,0.008820
50.600000,-0.008646,-0.016411,-0.994749,-0.142694,0.045563,0.009206
50.650000,-0.007582,-0.011224,-0.994096,-0.109596,0.043603,0.008493
50.700000,-0.005162,-0.007988,-0.994131,-0.078377,0.041663,0.005086
50.750000,-0.004176,-0.004859,-0.992183,-0.049757,0.037869,0.002204
50.800000,-0.002476,-0.003433,-0.992225,-0.031208,0.034492,-0.005405
50.850000,0.000139,-0.003070,-0.993558,-0.018862,0.028697,-0.010942
50.900000,0.001609,-0.002738,-0.993326,-0.013007,0.022848,-0.010915
50.950000,-0.000059,-0.001576,-0.989880,-0.005766,0.010209,0.001274
51.000000,0.000505,-0.001416,-0.990099,-0.004233,0.008169,0.002237
51.050000,0.000480,-0.000831,-0.990104,-0.002648,0.005367,0.003101
51.100000,0.000970,-0.000756,-0.990714,-0.000538,0.001538,0.000811
51.150000,0.001217,-0.000521,-0.990865,-0.000229,0.000815,0.000113
51.200000,0.001103,-0.000526,-0.991100,-0.000472,0.000524,-0.000029
51.250000,0.001140,-0.000643,-0.991099,-0.000330,0.000854,0.000022
51.300000,0.001100,-0.000643,-0.991100,0.000207,0.000756,-0.000019
51.350000,0.000980,-0.000526,-0.990911,-0.000228,0.000132,-0.000209
51.400000,0.001030,-0.000453,-0.991337,-0.000379,-0.000012,-0.000069
51.450000,0.001269,-0.000334,-0.991293,-0.000228,0.000078,-0.000296
51.500000,0.001302,-0.000330,-0.991019,0.000404,0.000842,-0.000191
51.550000,0.001066,-0.000294,-0.991065,-0.000470,0.000127,-0.000292
51.600000,0.001223,-0.000171,-0.990828,-0.000281,-0.000298,-0.000015
51.650000,0.001024,-0.000172,-0.990756,-0.000480,-0.000106,0.000127
51.700000,0.001100,-0.000249,-0.990753,-0.000761,0.000462,-0.000284
51.750000,0.001144,-0.000250,-0.990907,-0.001041,0.000506,-0.000745
51.800000,0.001138,-0.000285,-0.990635,-0.001095,0.000651,-0.000511
51.850000,0.001183,-0.000209,-0.990828,-0.001477,0.000697,-0.000788
51.900000,0.001063,-0.000210,-0.990754,-0.001622,0.000840,-0.000785
51.950000,0.001066,-0.000092,-0.990754,-0.001860,0.000553,-0.000972
52.000000,0.001102,-0.000049,-0.990520,-0.001911,0.000936,-0.000874
52.050000,0.001297,0.000115,-0.990165,-0.001916,0.000891,-0.000641
52.100000,0.001454,0.000037,-0.990238,-0.002299,0.001079,-0.000870
52.150000,0.001417,-0.000004,-0.990394,-0.002209,0.000893,-0.000545
52.200000,0.001425,-0.000089,-0.990861,-0.001760,0.000939,-0.000864
52.250000,0.001586,0.000069,-0.990858,-0.001662,0.000321,-0.000820
52.300000,0.001707,0.000108,-0.990933,-0.001378,0.000470,-0.000396
52.350000,0.001666,0.000029,-0.990972,-0.001276,0.000472,-0.000437
52.400000,0.001541,0.000032,-0.990703,-0.001045,0.001098,0.000130
52.450000,0.001660,0.000073,-0.990623,-0.000789,0.001431,-0.000184
52.500000,0.001779,0.000233,-0.990466,-0.000836,0.001006,-0.000089
52.550000,0.001824,0.000349,-0.990620,-0.000939,0.001392,0.000243
52.600000,0.001827,0.000347,-0.990775,-0.000792,0.001680,0.000343
52.650000,0.001902,0.000510,-0.990347,-0.000694,0.001731,0.000488
52.700000,0.001786,0.000587,-0.990428,-0.000497,0.002306,0.000592
52.750000,0.001753,0.000582,-0.990702,-0.000591,0.001975,0.000641
52.800000,0.001752,0.000464,-0.990779,-0.000050,0.001788,0.000694
52.850000,0.001866,0.000150,-0.990930,-0.000132,0.001692,0.000328
52.900000,0.001987,0.000111,-0.991042,-0.000174,0.001742,0.000288
52.950000,0.001866,0.000032,-0.991044,-0.000074,0.001222,0.000429
53.000000,0.001983,0.000153,-0.990809,-0.000263,0.000939,0.000478
53.050000,0.002222,0.000154,-0.990881,-0.000203,0.000797,0.000299
53.100000,0.001566,0.000573,-0.991213,0.000549,0.003602,-0.005727
53.150000,0.001878,0.000620,-0.990894,0.002250,0.006544,-0.012533
53.200000,0.002452,0.000203,-0.990409,0.002412,0.010827,-0.012949
53.250000,0.003448,0.000052,-0.990848,0.001086,0.019494,-0.012546
53.300000,0.004757,-0.000094,-0.991123,0.000834,0.030161,-0.012212
53.350000,0.006425,0.000042,-0.991118,0.000392,0.041636,-0.012057
53.400000,0.009153,-0.000081,-0.990966,0.000727,0.062487,-0.011998
53.450000,0.014014,-0.000255,-0.990485,0.000996,0.103219,-0.013609
53.500000,0.021183,-0.000447,-0.990408,0.002843,0.153799,-0.016048
53.550000,0.032776,-0.001308,-0.988458,0.008399,0.224733,-0.020876
53.600000,0.046561,-0.001237,-0.985951,0.013372,0.316871,-0.033566
53.650000,0.067855,-0.003492,-0.979377,0.023149,0.410261,-0.050800
53.700000,0.092595,-0.003348,-0.971757,0.033103,0.492633,-0.065265
53.750000,0.118823,-0.003586,-0.961839,0.035691,0.558608,-0.075801
53.800000,0.148798,-0.003782,-0.949100,0.031460,0.628298,-0.079632
53.850000,0.178811,-0.003394,-0.933681,0.026332,0.670137,-0.083953
53.900000,0.210902,-0.002080,-0.918019,0.020304,0.719533,-0.089459
53.950000,0.245017,-0.001607,-0.899691,0.014307,0.791446,-0.083933
54.000000,0.280653,-0.001564,-0.876888,0.011544,0.862789,-0.078903
54.050000,0.316227,-0.001614,-0.855058,0.000192,0.924047,-0.071791
54.100000,0.355115,-0.001513,-0.824743,-0.000998,1.022497,-0.069700
54.150000,0.395131,-0.001121,-0.791213,-0.004781,1.113187,-0.067185
54.200000,0.435402,-0.001096,-0.753280,-0.002356,1.199363,-0.064954
54.250000,0.475562,-0.000549,-0.711428,-0.003017,1.272720,-0.063828
54.300000,0.514515,-0.000099,-0.667003,-0.004315,1.330528,-0.060442
54.350000,0.554064,-0.000624,-0.619950,-0.004454,1.359251,-0.052270
54.400000,0.593314,0.000676,-0.573579,0.000077,1.349455,-0.046272
54.450000,0.632044,0.000941,-0.528148,-0.000282,1.342841,-0.045456
54.500000,0.670735,0.001126,-0.482795,0.001043,1.328180,-0.045398
54.550000,0.709026,0.001031,-0.437567,0.001272,1.312080,-0.046284
54.600000,0.747211,0.001046,-0.392887,0.001781,1.295652,-0.046709
54.650000,0.784219,0.001318,-0.348435,0.001396,1.275801,-0.046477
54.700000,0.818917,0.001451,-0.303693,0.001023,1.239261,-0.044452
54.750000,0.851436,0.001598,-0.259010,-0.000498,1.191781,-0.041237
54.800000,0.879562,0.002339,-0.215927,-0.006417,1.119315,-0.037162
54.850000,0.905462,0.002225,-0.173519,-0.011427,1.026125,-0.024663
54.900000,0.923929,0.004280,-0.135214,-0.021248,0.932211,-0.007385
54.950000,0.938875,0.004052,-0.097958,-0.031752,0.848414,0.007807
55.000000,0.952495,0.004245,-0.063189,-0.034295,0.781107,0.018657
55.050000,0.962251,0.004473,-0.031285,-0.030083,0.710327,0.023358
55.100000,0.971965,0.003960,-0.002020,-0.025002,0.669104,0.027731
55.150000,0.979363,0.002520,0.027033,-0.018640,0.620137,0.033614
55.200000,0.984858,0.002039,0.053423,-0.012692,0.548126,0.028179
55.250000,0.989144,0.001996,0.075619,-0.010023,0.478588,0.023073
55.300000,0.993341,0.002197,0.098588,0.001376,0.417133,0.016097
55.350000,0.994107,0.002125,0.112876,0.002710,0.317917,0.014137
55.400000,0.993942,0.001726,0.123954,0.006392,0.227125,0.011757
55.450000,0.993367,0.001769,0.130546,0.004164,0.141180,0.009528
55.500000,0.992899,0.001176,0.133259,0.004956,0.067773,0.008956
55.550000,0.993353,0.000638,0.133663,0.006346,0.011006,0.005763
55.600000,0.994063,0.000464,0.131740,0.005678,-0.019999,0.004088
55.650000,0.994350,-0.000928,0.129697,-0.000154,-0.014198,0.004847
55.700000,0.994648,-0.001138,0.128462,0.000285,-0.011916,0.004776
55.750000,0.994659,-0.001224,0.127880,0.000159,-0.007454,0.003889
55.800000,0.994588,-0.001270,0.127410,0.000095,-0.002694,0.004300
55.850000,0.994312,-0.001273,0.127363,0.000319,0.003829,0.004868
55.900000,0.994297,-0.001622,0.127676,0.000429,0.002012,0.004434
55.950000,0.994225,-0.001826,0.127171,-0.001265,-0.004043,0.004045
56.000000,0.994196,-0.001912,0.126625,-0.002713,-0.011240,0.003600
56.050000,0.994132,-0.002042,0.125770,-0.003028,-0.010714,0.004388
56.100000,0.994217,-0.002203,0.125384,-0.002982,-0.007196,0.004419
56.150000,0.994189,-0.002211,0.124761,-0.002690,-0.004106,0.004354
56.200000,0.994274,-0.002413,0.124260,-0.001702,-0.000830,0.003787
56.250000,0.993844,-0.002501,0.123898,-0.001978,0.000873,0.003105
56.300000,0.993922,-0.002659,0.123786,-0.001859,0.002431,0.002239
56.350000,0.994008,-0.002740,0.123438,-0.001815,0.001711,0.002416
56.400000,0.994210,-0.002899,0.123095,-0.001859,0.002414,0.002188
56.450000,0.994373,-0.002939,0.122867,-0.001851,0.002831,0.001865
56.500000,0.994462,-0.003065,0.122210,-0.001803,0.001348,0.001896
56.550000,0.994505,-0.003306,0.121785,-0.001427,0.002681,0.002372
56.600000,0.994628,-0.003267,0.121633,-0.001430,0.005247,0.002394
56.650000,0.994425,-0.003504,0.121591,-0.001287,0.006195,0.002494
56.700000,0.994508,-0.003585,0.121360,-0.001207,0.006720,0.003100
56.750000,0.994586,-0.003782,0.121209,-0.001142,0.007519,0.002458
56.800000,0.994629,-0.003945,0.120823,-0.000987,0.005894,0.002165
56.850000,0.994759,-0.003832,0.120436,-0.000928,0.005267,0.001788
56.900000,0.994798,-0.003831,0.120476,-0.000923,0.006926,0.001524
56.950000,0.995078,-0.003789,0.120444,-0.001210,0.008203,0.001255
57.000000,0.994995,-0.004066,0.120288,-0.000815,0.009764,0.001038
57.050000,0.995107,-0.004140,0.120486,-0.000621,0.011136,0.001003
57.100000,0.995023,-0.004218,0.120602,-0.000653,0.010024,0.000388
57.150000,0.994869,-0.004064,0.120519,-0.000410,0.011440,0.000353
57.200000,0.995225,-0.003900,0.120721,0.001345,0.012954,0.000328
57.250000,0.995220,-0.003777,0.121109,0.002471,0.016935,0.000089
57.300000,0.995372,-0.003573,0.121617,0.003351,0.018300,-0.000036
57.350000,0.995485,-0.003450,0.121970,0.003105,0.015761,0.000075
57.400000,0.995633,-0.003560,0.122364,0.002667,0.011028,0.000117
57.450000,0.995635,-0.003322,0.122557,0.001989,0.008672,-0.000051
57.500000,0.995833,-0.003239,0.122679,0.002182,0.006463,0.000065
57.550000,0.995751,-0.003278,0.122715,0.002193,0.003816,-0.000287
57.600000,0.996147,-0.003115,0.122881,0.002360,0.000408,-0.001015
57.650000,0.996194,-0.003039,0.122649,0.001869,-0.003278,-0.000823
57.700000,0.996437,-0.003398,0.121957,0.001039,-0.004922,-0.000754
57.750000,0.996211,-0.003329,0.121446,0.000494,-0.005564,-0.000443
57.800000,0.996180,-0.003216,0.121212,0.000222,-0.006025,-0.001239
57.850000,0.996068,-0.003262,0.120820,-0.000171,-0.006675,-0.001113
57.900000,0.996286,-0.002914,0.120317,-0.000147,-0.006381,-0.002040
57.950000,0.996293,-0.002919,0.119968,0.000011,-0.006988,-0.002465
58.000000,0.996343,-0.002845,0.119579,0.000486,-0.005069,-0.002079
58.050000,0.996395,-0.002534,0.119345,0.000144,-0.004726,-0.002082
58.100000,0.996360,-0.002338,0.119343,0.000346,-0.004337,-0.002359
58.150000,0.996371,-0.002385,0.118760,0.000402,-0.006614,-0.002615
58.200000,0.996392,-0.002119,0.118098,-0.000177,-0.009845,-0.002837
58.250000,0.996324,-0.001890,0.117745,-0.000609,-0.015070,-0.002983
58.300000,0.996426,-0.001745,0.116854,-0.002297,-0.024730,-0.003546
58.350000,0.996742,-0.001726,0.115074,-0.007937,-0.040390,-0.003953
58.400000,0.996862,-0.001736,0.111345,-0.016392,-0.062913,-0.004762
58.450000,0.997014,-0.001529,0.106257,-0.024694,-0.087104,-0.005817
58.500000,0.997343,-0.001650,0.099931,-0.025168,-0.120406,-0.005568
58.550000,0.996910,-0.001482,0.092455,-0.025960,-0.159617,-0.006115
58.600000,0.996580,-0.001830,0.081448,-0.025103,-0.210212,-0.007775
58.650000,0.996385,-0.001324,0.066939,-0.024911,-0.264712,-0.010074
58.700000,0.994666,-0.001368,0.050722,-0.023860,-0.320234,-0.009787
58.750000,0.992286,-0.000897,0.032539,-0.022550,-0.381757,-0.009923
58.800000,0.988285,-0.000378,0.010580,-0.022938,-0.454305,-0.008363
58.850000,0.983375,-0.000864,-0.018316,-0.025093,-0.519952,-0.006565
58.900000,0.976182,-0.000645,-0.045334,-0.024405,-0.545245,-0.006190
58.950000,0.968131,-0.000245,-0.072765,-0.022513,-0.573097,-0.005183
59.000000,0.959469,-0.000027,-0.101534,-0.021829,-0.611852,-0.004328
59.050000,0.949001,0.000013,-0.133264,-0.023666,-0.660927,-0.002054
59.100000,0.936781,0.000054,-0.166519,-0.023985,-0.709631,-0.001804
59.150000,0.921930,-0.000233,-0.201358,-0.024658,-0.767039,-0.000848
59.200000,0.904495,0.000002,-0.238992,-0.025267,-0.846849,0.001849
59.250000,0.883408,0.000053,-0.278510,-0.027348,-0.942738,0.005271
59.300000,0.857111,-0.000447,-0.319719,-0.031880,-1.023385,0.010576
59.350000,0.825841,-0.003369,-0.353580,-0.035033,-1.102463,0.015348
59.400000,0.792515,-0.003516,-0.397623,-0.038676,-1.193325,0.022324
59.450000,0.755604,-0.003124,-0.442155,-0.038820,-1.256797,0.030956
59.500000,0.718120,-0.002844,-0.485885,-0.037821,-1.287408,0.036284
59.550000,0.679023,-0.002273,-0.529894,-0.036791,-1.292741,0.041656
59.600000,0.639231,-0.001298,-0.572369,-0.031896,-1.286746,0.046365
59.650000,0.600030,-0.001548,-0.610544,-0.023543,-1.268068,0.047367
59.700000,0.566099,-0.002850,-0.655452,-0.007902,-1.208415,0.041285
59.750000,0.526396,-0.002478,-0.693528,-0.006600,-1.175242,0.041084
59.800000,0.487737,-0.002515,-0.730758,-0.006192,-1.136260,0.041301
59.850000,0.448779,-0.001840,-0.764307,-0.006771,-1.085695,0.043469
59.900000,0.409539,-0.001949,-0.794826,-0.006819,-1.029655,0.045736
59.950000,0.371847,-0.001619,-0.823091,-0.007144,-0.974208,0.045635
60.000000,0.335054,-0.001799,-0.849384,-0.008216,-0.911144,0.045878
60.050000,0.299963,-0.002026,-0.871898,-0.007843,-0.836286,0.044754
60.100000,0.265383,-0.001295,-0.887485,-0.005897,-0.767283,0.043309
60.150000,0.233152,-0.001258,-0.904405,-0.006192,-0.739543,0.042726
60.200000,0.201902,-0.001163,-0.920715,-0.007308,-0.710856,0.041823
60.250000,0.171375,-0.001198,-0.935684,-0.007349,-0.672031,0.040602
60.300000,0.142585,-0.000906,-0.948120,-0.005670,-0.622929,0.038697
60.350000,0.115428,-0.000536,-0.958997,-0.004956,-0.574907,0.038305
60.400000,0.090936,-0.000074,-0.968209,-0.004206,-0.518885,0.038218
60.450000,0.069109,-0.000053,-0.974625,-0.003785,-0.439186,0.035289
60.500000,0.050742,0.000224,-0.979396,-0.002035,-0.346260,0.031609
60.550000,0.037899,0.000940,-0.982388,0.002584,-0.265428,0.026770
60.600000,0.029952,0.004034,-0.992963,0.005293,-0.186975,0.022269
60.650000,0.024058,0.004437,-0.993047,0.008735,-0.094310,0.015541
60.700000,0.021464,0.004142,-0.992493,0.009411,-0.028891,0.007070
60.750000,0.019881,0.004005,-0.992729,0.008595,0.006430,0.002205
60.800000,0.019756,0.003848,-0.992615,0.009267,0.020520,-0.003077
60.850000,0.020143,0.003063,-0.993104,0.009710,0.029387,-0.006972
60.900000,0.020176,0.003493,-0.996022,0.009562,0.032339,-0.006898
60.950000,0.014625,0.004756,-0.990698,0.001882,-0.002924,0.000238
61.000000,0.014742,0.004598,-0.990849,0.001154,-0.002639,0.000192
61.050000,0.014587,0.004554,-0.991048,0.001462,-0.002689,-0.000268
61.100000,0.014390,0.004550,-0.991131,0.001683,-0.002790,-0.001099
61.150000,0.014385,0.004592,-0.990860,0.001401,-0.002792,-0.001423
61.200000,0.014418,0.004437,-0.990781,0.001057,-0.002123,-0.001232
61.250000,0.014377,0.004396,-0.990821,0.000917,-0.001789,-0.001367
61.300000,0.014258,0.004395,-0.990824,0.000776,-0.002260,-0.001369
61.350000,0.014135,0.004359,-0.990593,0.000628,-0.002063,-0.001087
61.400000,0.014095,0.004397,-0.990595,0.000393,-0.002012,-0.001224
61.450000,0.013977,0.004395,-0.990637,0.000011,-0.002627,-0.001321
61.500000,0.013899,0.004512,-0.990562,-0.000182,-0.002050,-0.001221
61.550000,0.013975,0.004553,-0.990405,-0.000417,-0.002617,-0.001317
61.600000,0.014011,0.004476,-0.990286,-0.000320,-0.003517,-0.001185
61.650000,0.014124,0.004363,-0.990127,-0.000024,-0.003276,-0.001226
61.700000,0.014285,0.004364,-0.990239,-0.000213,-0.002941,-0.001361
61.750000,0.014245,0.004405,-0.990123,-0.000507,-0.002652,-0.001220
61.800000,0.014324,0.004246,-0.990315,-0.000452,-0.002316,-0.001354
61.850000,0.014196,0.004091,-0.990085,-0.000160,-0.002122,-0.001256
61.900000,0.014077,0.004089,-0.990126,-0.000499,-0.002167,-0.001257
61.950000,0.014075,0.004050,-0.990087,-0.000539,-0.002594,-0.001445
62.000000,0.013962,0.004124,-0.990284,-0.000596,-0.002587,-0.001074
62.050000,0.013634,0.003849,-0.990135,-0.000652,-0.002200,-0.000699
62.100000,0.013552,0.003771,-0.990059,-0.000343,-0.002819,-0.001210
62.150000,0.013433,0.003689,-0.990179,-0.000088,-0.002581,-0.001529
62.200000,0.013314,0.003687,-0.990222,0.000103,-0.002527,-0.001295
62.250000,0.013241,0.003921,-0.990225,0.000256,-0.002426,-0.001336
62.300000,0.013160,0.004120,-0.989918,-0.000144,-0.002367,-0.000780
62.350000,0.013435,0.003927,-0.989987,-0.000201,-0.002641,-0.000271
62.400000,0.013516,0.003968,-0.989984,-0.000053,-0.002967,-0.000131
62.450000,0.013873,0.003893,-0.990051,-0.000152,-0.003387,0.000099
62.500000,0.013958,0.003533,-0.990745,-0.000303,-0.003473,0.000424
